case,duration_h,program,trials,single_offer_kw,repeated_successes,fresh_joint_successes,repeated_lower,fresh_joint_lower,paired_success_difference_pp,paired_difference_ci_low_pp,paired_difference_ci_high_pp,selected_repeat_kw,selected_successes,selected_wilson_lower
f05,4,H4G8,300,2.949121593122471,300,300,0.9910621278248719,0.9910621278248719,0.0,0.0,0.0,0.0,0,0.0
f05,8,H8G12,300,2.949121593122471,268,297,0.8604232284001412,0.9752442459680568,-9.666666666666666,-13.0,-6.333333333333334,0.0,0,0.0
f10,4,H4G8,300,5.898243186244942,300,300,0.9910621278248719,0.9910621278248719,0.0,0.0,0.0,0.0,0,0.0
f10,8,H8G12,300,5.898243186244942,256,297,0.8165806780708279,0.9752442459680568,-13.666666666666666,-17.666666666666668,-9.666666666666666,0.0,0,0.0
f20,4,H4G8,300,11.796486372489884,300,300,0.9910621278248719,0.9910621278248719,0.0,0.0,0.0,0.0,0,0.0
f20,8,H8G12,300,11.796486372489884,250,297,0.7949952062493437,0.9752442459680568,-15.666666666666668,-19.666666666666664,-11.666666666666666,0.0,0,0.0
f40,4,H4G8,300,22.194450842199537,300,300,0.9910621278248719,0.9910621278248719,0.0,0.0,0.0,0.0,0,0.0
f40,8,H8G12,300,22.194450842199537,249,297,0.7914157817358825,0.9752442459680568,-16.0,-20.333333333333332,-12.0,0.0,0,0.0
f60,4,H4G8,300,34.00130305805753,300,300,0.9910621278248719,0.9910621278248719,0.0,0.0,0.0,0.0,0,0.0
f60,8,H8G12,300,34.00130305805753,241,297,0.7629467908787069,0.9752442459680568,-18.666666666666668,-23.0,-14.333333333333334,0.0,0,0.0
