analysis_id,analysis_role,currency_basis,annualization_scope,performance_payment_basis,reserved_capacity_basis,facility_scale_interpretation,technical_certificate_scope,reference_module_operating_peak_kw,facility_site_scale_mw,proportional_reference_module_scale_factor,regime,driver_id,driver_label,driver_value,driver_unit,driver_value_display,driver_normalized_position,duration_h,annual_event_count,annual_event_count_class,annual_event_count_is_stress,reliability_target,risk_adjusted_break_even_capacity_payment_per_kw_year,technical_capacity_ceiling_kw,candidate_reduction_kw,scaled_accounting_technical_capacity_ceiling_kw,scaled_accounting_candidate_reduction_kw,technical_qualification,opportunity_exposure_alpha,value_per_gpu_h,effective_displaced_compute_value_per_gpu_h
nature_economic_development_screening_v1,development_parameterized_screening,real_2026_usd,independent_fresh_events_not_continuous_programme,interval_delivery_capped_at_scaled_accounting_offered_kW,abstract_pcc_side_kw_sensitivity,proportional_reference_module_accounting_sensitivity_no_portfolio_diversification,reference_module_only_not_scaled_facility_certificate,201.000783984,1,4.97510497312,reserved_headroom,economic_life_years,Economic life,3,years,3 years,0,4,50,plausible_screening,False,0.95,391.81104671,39.6505452781,39.6505452781,197.265625,197.265625,independently_certified_ceiling,0,0.5,0
nature_economic_development_screening_v1,development_parameterized_screening,real_2026_usd,independent_fresh_events_not_continuous_programme,interval_delivery_capped_at_scaled_accounting_offered_kW,abstract_pcc_side_kw_sensitivity,proportional_reference_module_accounting_sensitivity_no_portfolio_diversification,reference_module_only_not_scaled_facility_certificate,201.000783984,1,4.97510497312,reserved_headroom,economic_life_years,Economic life,4,years,4 years,0.333333333333,4,50,plausible_screening,False,0.95,362.748007223,39.6505452781,39.6505452781,197.265625,197.265625,independently_certified_ceiling,0,0.5,0
nature_economic_development_screening_v1,development_parameterized_screening,real_2026_usd,independent_fresh_events_not_continuous_programme,interval_delivery_capped_at_scaled_accounting_offered_kW,abstract_pcc_side_kw_sensitivity,proportional_reference_module_accounting_sensitivity_no_portfolio_diversification,reference_module_only_not_scaled_facility_certificate,201.000783984,1,4.97510497312,reserved_headroom,economic_life_years,Economic life,5,years,5 years,0.666666666667,4,50,plausible_screening,False,0.95,345.378789136,39.6505452781,39.6505452781,197.265625,197.265625,independently_certified_ceiling,0,0.5,0
nature_economic_development_screening_v1,development_parameterized_screening,real_2026_usd,independent_fresh_events_not_continuous_programme,interval_delivery_capped_at_scaled_accounting_offered_kW,abstract_pcc_side_kw_sensitivity,proportional_reference_module_accounting_sensitivity_no_portfolio_diversification,reference_module_only_not_scaled_facility_certificate,201.000783984,1,4.97510497312,reserved_headroom,economic_life_years,Economic life,6,years,6 years,1,4,50,plausible_screening,False,0.95,333.856178572,39.6505452781,39.6505452781,197.265625,197.265625,independently_certified_ceiling,0,0.5,0
nature_economic_development_screening_v1,development_parameterized_screening,real_2026_usd,independent_fresh_events_not_continuous_programme,interval_delivery_capped_at_scaled_accounting_offered_kW,abstract_pcc_side_kw_sensitivity,proportional_reference_module_accounting_sensitivity_no_portfolio_diversification,reference_module_only_not_scaled_facility_certificate,201.000783984,1,4.97510497312,slack_backed,annual_event_count,Fresh events per year,1,fresh_events_per_year,1 events/year,0,4,1,plausible_screening,False,0.95,130.014646367,39.6505452781,39.6505452781,197.265625,197.265625,independently_certified_ceiling,0,0.5,0
nature_economic_development_screening_v1,development_parameterized_screening,real_2026_usd,independent_fresh_events_not_continuous_programme,interval_delivery_capped_at_scaled_accounting_offered_kW,abstract_pcc_side_kw_sensitivity,proportional_reference_module_accounting_sensitivity_no_portfolio_diversification,reference_module_only_not_scaled_facility_certificate,201.000783984,1,4.97510497312,slack_backed,annual_event_count,Fresh events per year,12,fresh_events_per_year,12 events/year,0.25,4,12,plausible_screening,False,0.95,157.032886867,39.6505452781,39.6505452781,197.265625,197.265625,independently_certified_ceiling,0,0.5,0
nature_economic_development_screening_v1,development_parameterized_screening,real_2026_usd,independent_fresh_events_not_continuous_programme,interval_delivery_capped_at_scaled_accounting_offered_kW,abstract_pcc_side_kw_sensitivity,proportional_reference_module_accounting_sensitivity_no_portfolio_diversification,reference_module_only_not_scaled_facility_certificate,201.000783984,1,4.97510497312,slack_backed,annual_event_count,Fresh events per year,50,fresh_events_per_year,50 events/year,0.5,4,50,plausible_screening,False,0.95,246.59973572,39.6505452781,39.6505452781,197.265625,197.265625,independently_certified_ceiling,0,0.5,0
nature_economic_development_screening_v1,development_parameterized_screening,real_2026_usd,independent_fresh_events_not_continuous_programme,interval_delivery_capped_at_scaled_accounting_offered_kW,abstract_pcc_side_kw_sensitivity,proportional_reference_module_accounting_sensitivity_no_portfolio_diversification,reference_module_only_not_scaled_facility_certificate,201.000783984,1,4.97510497312,slack_backed,annual_event_count,Fresh events per year,100,fresh_events_per_year,100 events/year,0.75,4,100,exposure_multiplier_stress,True,0.95,364.955204815,39.6505452781,39.6505452781,197.265625,197.265625,independently_certified_ceiling,0,0.5,0
nature_economic_development_screening_v1,development_parameterized_screening,real_2026_usd,independent_fresh_events_not_continuous_programme,interval_delivery_capped_at_scaled_accounting_offered_kW,abstract_pcc_side_kw_sensitivity,proportional_reference_module_accounting_sensitivity_no_portfolio_diversification,reference_module_only_not_scaled_facility_certificate,201.000783984,1,4.97510497312,slack_backed,annual_event_count,Fresh events per year,250,fresh_events_per_year,250 events/year,1,4,250,exposure_multiplier_stress,True,0.95,712.439332593,39.6505452781,39.6505452781,197.265625,197.265625,independently_certified_ceiling,0,0.5,0
nature_economic_development_screening_v1,development_parameterized_screening,real_2026_usd,independent_fresh_events_not_continuous_programme,interval_delivery_capped_at_scaled_accounting_offered_kW,abstract_pcc_side_kw_sensitivity,proportional_reference_module_accounting_sensitivity_no_portfolio_diversification,reference_module_only_not_scaled_facility_certificate,201.000783984,1,4.97510497312,throughput_displacing,effective_displaced_compute_value_per_gpu_h,Effective displaced-compute value,0.05,real_2026_USD_per_GPU_hour,$0.05/GPU-h,0,4,50,plausible_screening,False,0.95,280.183234078,39.6505452781,39.6505452781,197.265625,197.265625,independently_certified_ceiling,0.1,0.5,0.05
nature_economic_development_screening_v1,development_parameterized_screening,real_2026_usd,independent_fresh_events_not_continuous_programme,interval_delivery_capped_at_scaled_accounting_offered_kW,abstract_pcc_side_kw_sensitivity,proportional_reference_module_accounting_sensitivity_no_portfolio_diversification,reference_module_only_not_scaled_facility_certificate,201.000783984,1,4.97510497312,throughput_displacing,effective_displaced_compute_value_per_gpu_h,Effective displaced-compute value,0.125,real_2026_USD_per_GPU_hour,$0.125/GPU-h,0.333333333333,4,50,plausible_screening,False,0.95,330.737253937,39.6505452781,39.6505452781,197.265625,197.265625,independently_certified_ceiling,0.25,0.5,0.125
nature_economic_development_screening_v1,development_parameterized_screening,real_2026_usd,independent_fresh_events_not_continuous_programme,interval_delivery_capped_at_scaled_accounting_offered_kW,abstract_pcc_side_kw_sensitivity,proportional_reference_module_accounting_sensitivity_no_portfolio_diversification,reference_module_only_not_scaled_facility_certificate,201.000783984,1,4.97510497312,throughput_displacing,effective_displaced_compute_value_per_gpu_h,Effective displaced-compute value,0.25,real_2026_USD_per_GPU_hour,$0.25/GPU-h,0.666666666667,4,50,plausible_screening,False,0.95,414.993953702,39.6505452781,39.6505452781,197.265625,197.265625,independently_certified_ceiling,0.5,0.5,0.25
nature_economic_development_screening_v1,development_parameterized_screening,real_2026_usd,independent_fresh_events_not_continuous_programme,interval_delivery_capped_at_scaled_accounting_offered_kW,abstract_pcc_side_kw_sensitivity,proportional_reference_module_accounting_sensitivity_no_portfolio_diversification,reference_module_only_not_scaled_facility_certificate,201.000783984,1,4.97510497312,throughput_displacing,effective_displaced_compute_value_per_gpu_h,Effective displaced-compute value,0.5,real_2026_USD_per_GPU_hour,$0.5/GPU-h,1,4,50,plausible_screening,False,0.95,583.588561994,39.6505452781,39.6505452781,197.265625,197.265625,independently_certified_ceiling,1,0.5,0.5
