artist_id,path_id,vertex_id,price_4h_usd_per_kw_year,price_8h_usd_per_kw_year
3,0,0,182.5,0
3,0,1,183.30064618139369,0
3,0,2,185,0
3,0,3,187.5,0
3,0,4,190,0
3,0,5,192.5,0
3,0,6,195,0
3,0,7,197.5,0
3,0,8,200,0
3,0,9,202.5,0
3,0,10,205,0
3,0,11,207.5,0
3,0,12,210,0
3,0,13,212.5,0
3,0,14,215,0
3,0,15,217.5,0
3,0,16,220,0
3,0,17,222.5,0
3,0,18,225,0
3,0,19,227.5,0
3,0,20,230,0
3,0,21,232.5,0
3,0,22,235,0
3,0,23,237.5,0
3,0,24,240,0
3,0,25,242.5,0
3,0,26,245,0
3,0,27,247.5,0
3,0,28,250,0
3,0,29,252.5,0
3,0,30,255,0
3,0,31,257.5,0
3,0,32,260,0
3,0,33,262.5,0
3,0,34,265,0
3,0,35,267.5,0
3,0,36,270,0
3,0,37,272.5,0
3,0,38,275,0
3,0,39,277.5,0
3,0,40,280,0
3,0,41,282.5,0
3,0,42,285,0
3,0,43,287.5,0
3,0,44,290,0
3,0,45,292.5,0
3,0,46,295,0
3,0,47,297.5,0
3,0,48,300,0
3,0,49,302.5,0
3,0,50,305,0
3,0,51,307.5,0
3,0,52,310,0
3,0,53,312.5,0
3,0,54,315,0
3,0,55,317.5,0
3,0,56,320,0
3,0,57,322.5,0
3,0,58,325,0
3,0,59,327.5,0
3,0,60,330,0
3,0,61,332.5,0
3,0,62,335,0
3,0,63,337.5,0
3,0,64,340,0
3,0,65,342.5,0
3,0,66,345,0
3,0,67,347.5,0
3,0,68,350,0
3,0,69,352.5,0
3,0,70,355,0
3,0,71,357.5,0
3,0,72,360,0
3,0,73,362.5,0
3,0,74,365,0
3,0,75,367.5,0
3,0,76,370,0
3,0,77,372.5,0
3,0,78,375,0
3,0,79,377.5,0
3,0,80,380,0
3,0,81,382.5,0
3,0,82,385,0
3,0,83,387.5,0
3,0,84,390,0
3,0,85,392.5,0
3,0,86,395,0
3,0,87,397.5,0
3,0,88,400,0
3,0,89,402.5,0
3,0,90,405,0
3,0,91,407.5,0
3,0,92,410,0
3,0,93,412.5,0
3,0,94,415,0
3,0,95,417.5,0
3,0,96,420,0
3,0,97,422.5,0
3,0,98,425,0
3,0,99,427.5,0
3,0,100,430,0
3,0,101,432.5,0
3,0,102,435,0
3,0,103,437.5,0
3,0,104,440,0
3,0,105,442.5,0
3,0,106,445,0
3,0,107,447.5,0
3,0,108,450,0
3,0,109,452.5,0
3,0,110,455,0
3,0,111,457.5,0
3,0,112,460,0
3,0,113,462.5,0
3,0,114,465,0
3,0,115,467.5,0
3,0,116,470,0
3,0,117,472.5,0
3,0,118,475,0
3,0,119,477.5,0
3,0,120,480,0
3,0,121,482.5,0
3,0,122,485,0
3,0,123,487.5,0
3,0,124,490,0
3,0,125,492.5,0
3,0,126,495,0
3,0,127,497.5,0
3,0,128,500,0
3,0,129,502.5,0
3,0,130,505,0
3,0,131,507.5,0
3,0,132,510,0
3,0,133,512.5,0
3,0,134,515,0
3,0,135,517.5,0
3,0,136,520,0
3,0,137,522.5,0
3,0,138,525,0
3,0,139,527.5,0
3,0,140,530,0
3,0,141,532.5,0
3,0,142,535,0
3,0,143,537.5,0
3,0,144,540,0
3,0,145,542.5,0
3,0,146,545,0
3,0,147,547.5,0
3,0,148,550,0
3,0,149,552.5,0
3,0,150,555,0
3,0,151,557.5,0
3,0,152,560,0
3,0,153,562.5,0
3,0,154,565,0
3,0,155,567.5,0
3,0,156,570,0
3,0,157,572.5,0
3,0,158,575,0
3,0,159,577.5,0
3,0,160,580,0
3,0,161,582.5,0
3,0,162,585,0
3,0,163,587.5,0
3,0,164,590,0
3,0,165,592.5,0
3,0,166,595,0
3,0,167,597.5,0
3,0,168,600,0
3,0,169,602.5,0
3,0,170,605,0
3,0,171,607.5,0
3,0,172,610,0
3,0,173,612.5,0
3,0,174,615,0
3,0,175,617.5,0
3,0,176,620,0
3,0,177,622.5,0
3,0,178,625,0
3,0,179,627.5,0
3,0,180,630,0
3,0,181,632.5,0
3,0,182,635,0
3,0,183,637.5,0
3,0,184,640,0
3,0,185,642.5,0
3,0,186,645,0
3,0,187,647.5,0
3,0,188,650,0
3,0,189,652.5,0
3,0,190,655,0
3,0,191,657.5,0
3,0,192,660,0
3,0,193,662.5,0
3,0,194,665,0
3,0,195,667.5,0
3,0,196,670,0
3,0,197,672.5,0
3,0,198,675,0
3,0,199,677.5,0
3,0,200,680,0
3,0,201,682.5,0
3,0,202,685,0
3,0,203,687.5,0
3,0,204,690,0
3,0,205,692.5,0
3,0,206,695,0
3,0,207,697.5,0
3,0,208,700,0
3,0,209,702.5,0
3,0,210,705,0
3,0,211,707.5,0
3,0,212,710,0
3,0,213,712.5,0
3,0,214,715,0
3,0,215,717.5,0
3,0,216,720,0
3,0,217,722.5,0
3,0,218,725,0
3,0,219,727.5,0
3,0,220,730,0
3,0,221,732.5,0
3,0,222,735,0
3,0,223,737.5,0
3,0,224,740,0
3,0,225,742.5,0
3,0,226,745,0
3,0,227,747.5,0
3,0,228,750,0
3,0,229,750,0
3,0,230,750,1047.9312862401291
3,0,231,747.5,1044.7646195734624
3,0,232,745,1041.5979529067959
3,0,233,742.5,1038.4312862401291
3,0,234,740,1035.2646195734624
3,0,235,737.5,1032.0979529067959
3,0,236,735,1028.9312862401291
3,0,237,732.5,1025.7646195734624
3,0,238,730,1022.5979529067957
3,0,239,727.5,1019.4312862401291
3,0,240,725,1016.2646195734624
3,0,241,722.5,1013.0979529067957
3,0,242,720,1009.9312862401291
3,0,243,717.5,1006.7646195734624
3,0,244,715,1003.5979529067957
3,0,245,712.5,1000.4312862401291
3,0,246,710,997.26461957346237
3,0,247,707.5,994.09795290679574
3,0,248,705,990.93128624012911
3,0,249,702.5,987.76461957346237
3,0,250,700,984.59795290679574
3,0,251,697.5,981.43128624012911
3,0,252,695,978.26461957346237
3,0,253,692.5,975.09795290679574
3,0,254,690,971.93128624012911
3,0,255,687.5,968.76461957346237
3,0,256,685,965.59795290679574
3,0,257,682.5,962.43128624012911
3,0,258,680,959.26461957346237
3,0,259,677.5,956.09795290679574
3,0,260,675,952.93128624012911
3,0,261,672.5,949.76461957346237
3,0,262,670,946.59795290679574
3,0,263,667.5,943.43128624012911
3,0,264,665,940.26461957346237
3,0,265,662.5,937.09795290679574
3,0,266,660,933.93128624012911
3,0,267,657.5,930.76461957346237
3,0,268,655,927.59795290679574
3,0,269,652.5,924.43128624012911
3,0,270,650,921.26461957346237
3,0,271,647.5,918.09795290679574
3,0,272,645,914.93128624012911
3,0,273,642.5,911.76461957346237
3,0,274,640,908.59795290679574
3,0,275,637.5,905.43128624012911
3,0,276,635,902.26461957346237
3,0,277,632.5,899.09795290679574
3,0,278,630,895.93128624012911
3,0,279,627.5,892.76461957346237
3,0,280,625,889.59795290679574
3,0,281,622.5,886.43128624012911
3,0,282,620,883.26461957346237
3,0,283,617.5,880.09795290679574
3,0,284,615,876.93128624012911
3,0,285,612.5,873.76461957346237
3,0,286,610,870.59795290679574
3,0,287,607.5,867.43128624012911
3,0,288,605,864.26461957346237
3,0,289,602.5,861.09795290679574
3,0,290,600,857.93128624012911
3,0,291,597.5,854.76461957346237
3,0,292,595,851.59795290679574
3,0,293,592.5,848.43128624012911
3,0,294,590,845.26461957346237
3,0,295,587.5,842.09795290679574
3,0,296,585,838.93128624012911
3,0,297,582.5,835.76461957346237
3,0,298,580,832.59795290679574
3,0,299,577.5,829.43128624012911
3,0,300,575,826.26461957346237
3,0,301,572.5,823.09795290679574
3,0,302,570,819.93128624012911
3,0,303,567.5,816.76461957346237
3,0,304,565,813.59795290679574
3,0,305,562.5,810.43128624012911
3,0,306,560,807.26461957346237
3,0,307,557.5,804.09795290679574
3,0,308,555,800.93128624012911
3,0,309,552.5,797.76461957346237
3,0,310,550,794.59795290679574
3,0,311,547.5,791.43128624012911
3,0,312,545,788.26461957346237
3,0,313,542.5,785.09795290679574
3,0,314,540,781.93128624012911
3,0,315,537.5,778.76461957346237
3,0,316,535,775.59795290679574
3,0,317,532.5,772.43128624012911
3,0,318,530,769.26461957346237
3,0,319,527.5,766.09795290679574
3,0,320,525,762.93128624012911
3,0,321,522.5,759.76461957346237
3,0,322,520,756.59795290679574
3,0,323,517.5,753.43128624012911
3,0,324,515,750.26461957346237
3,0,325,512.5,747.09795290679574
3,0,326,510,743.93128624012911
3,0,327,507.5,740.76461957346237
3,0,328,505,737.59795290679574
3,0,329,502.5,734.43128624012911
3,0,330,500,731.26461957346237
3,0,331,497.5,728.09795290679574
3,0,332,495,724.93128624012911
3,0,333,492.5,721.76461957346237
3,0,334,490,718.59795290679574
3,0,335,487.5,715.43128624012911
3,0,336,485,712.26461957346237
3,0,337,482.5,709.09795290679574
3,0,338,480,705.93128624012911
3,0,339,477.5,702.76461957346237
3,0,340,475,699.59795290679574
3,0,341,472.5,696.43128624012911
3,0,342,470,693.26461957346237
3,0,343,467.5,690.09795290679574
3,0,344,465,686.93128624012911
3,0,345,462.5,683.76461957346237
3,0,346,460,680.59795290679574
3,0,347,457.5,677.43128624012911
3,0,348,455,674.26461957346237
3,0,349,452.5,671.09795290679574
3,0,350,450,667.93128624012911
3,0,351,447.5,664.76461957346237
3,0,352,445,661.59795290679574
3,0,353,442.5,658.43128624012911
3,0,354,440,655.26461957346237
3,0,355,437.5,652.09795290679574
3,0,356,435,648.93128624012911
3,0,357,432.5,645.76461957346237
3,0,358,430,642.59795290679574
3,0,359,427.5,639.43128624012911
3,0,360,425,636.26461957346237
3,0,361,422.5,633.09795290679574
3,0,362,420,629.93128624012911
3,0,363,417.5,626.76461957346237
3,0,364,415,623.59795290679574
3,0,365,412.5,620.43128624012911
3,0,366,410,617.26461957346237
3,0,367,407.5,614.09795290679574
3,0,368,405,610.93128624012911
3,0,369,402.5,607.76461957346248
3,0,370,400,604.59795290679574
3,0,371,397.5,601.43128624012911
3,0,372,395,598.26461957346248
3,0,373,392.5,595.09795290679574
3,0,374,390,591.93128624012911
3,0,375,387.5,588.76461957346248
3,0,376,385,585.59795290679574
3,0,377,382.5,582.43128624012911
3,0,378,380,579.26461957346248
3,0,379,377.5,576.09795290679574
3,0,380,375,572.93128624012911
3,0,381,372.5,569.76461957346248
3,0,382,370,566.59795290679574
3,0,383,367.5,563.43128624012911
3,0,384,365,560.26461957346248
3,0,385,362.5,557.09795290679574
3,0,386,360,553.93128624012911
3,0,387,357.5,550.76461957346248
3,0,388,355,547.59795290679574
3,0,389,352.5,544.43128624012911
3,0,390,350,541.26461957346248
3,0,391,347.5,538.09795290679574
3,0,392,345,534.93128624012911
3,0,393,342.5,531.76461957346248
3,0,394,340,528.59795290679574
3,0,395,337.5,525.43128624012911
3,0,396,335,522.26461957346248
3,0,397,332.5,519.09795290679574
3,0,398,330,515.93128624012911
3,0,399,327.5,512.76461957346248
3,0,400,325,509.59795290679574
3,0,401,322.5,506.43128624012911
3,0,402,320,503.26461957346248
3,0,403,317.5,500.09795290679574
3,0,404,315,496.93128624012911
3,0,405,312.5,493.76461957346248
3,0,406,310,490.59795290679574
3,0,407,307.5,487.43128624012911
3,0,408,305,484.26461957346248
3,0,409,302.5,481.09795290679574
3,0,410,300,477.93128624012911
3,0,411,297.5,474.76461957346248
3,0,412,295,471.59795290679574
3,0,413,292.5,468.43128624012911
3,0,414,290,465.26461957346248
3,0,415,287.5,462.09795290679574
3,0,416,285,458.93128624012911
3,0,417,282.5,455.76461957346248
3,0,418,280,452.59795290679574
3,0,419,277.5,449.43128624012911
3,0,420,275,446.26461957346248
3,0,421,272.5,443.09795290679574
3,0,422,270,439.93128624012911
3,0,423,267.5,436.76461957346248
3,0,424,265,433.59795290679574
3,0,425,262.5,430.43128624012911
3,0,426,260,427.26461957346248
3,0,427,257.5,424.09795290679574
3,0,428,255,420.93128624012911
3,0,429,252.5,417.76461957346248
3,0,430,250,414.59795290679574
3,0,431,247.5,411.43128624012911
3,0,432,245,408.26461957346248
3,0,433,242.5,405.09795290679574
3,0,434,240,401.93128624012911
3,0,435,237.5,398.76461957346248
3,0,436,235,395.59795290679574
3,0,437,232.5,392.43128624012911
3,0,438,230,389.26461957346248
3,0,439,227.5,386.09795290679574
3,0,440,225,382.93128624012911
3,0,441,222.5,379.76461957346248
3,0,442,220,376.59795290679574
3,0,443,217.5,373.43128624012911
3,0,444,215,370.26461957346248
3,0,445,212.5,367.09795290679574
3,0,446,210,363.93128624012911
3,0,447,207.5,360.76461957346248
3,0,448,205,357.59795290679574
3,0,449,202.5,354.43128624012911
3,0,450,200,351.26461957346248
3,0,451,197.5,348.0979529067958
3,0,452,195,344.93128624012911
3,0,453,192.5,341.76461957346248
3,0,454,190,338.5979529067958
3,0,455,187.5,335.43128624012911
3,0,456,185,332.26461957346248
3,0,457,183.30064618139369,330.11210473656115
3,0,458,182.5,0
4,0,0,0,1100
4,0,1,0,330.11210473656109
4,0,2,2.5,330.11210473656109
4,0,3,5,330.11210473656109
4,0,4,7.5,330.11210473656109
4,0,5,10,330.11210473656109
4,0,6,12.5,330.11210473656109
4,0,7,15,330.11210473656109
4,0,8,17.5,330.11210473656109
4,0,9,20,330.11210473656109
4,0,10,22.5,330.11210473656109
4,0,11,25,330.11210473656109
4,0,12,27.5,330.11210473656109
4,0,13,30,330.11210473656109
4,0,14,32.5,330.11210473656109
4,0,15,35,330.11210473656109
4,0,16,37.5,330.11210473656109
4,0,17,40,330.11210473656109
4,0,18,42.5,330.11210473656109
4,0,19,45,330.11210473656109
4,0,20,47.5,330.11210473656109
4,0,21,50,330.11210473656109
4,0,22,52.5,330.11210473656109
4,0,23,55,330.11210473656109
4,0,24,57.5,330.11210473656109
4,0,25,60,330.11210473656109
4,0,26,62.5,330.11210473656109
4,0,27,65,330.11210473656109
4,0,28,67.5,330.11210473656109
4,0,29,70,330.11210473656109
4,0,30,72.5,330.11210473656109
4,0,31,75,330.11210473656109
4,0,32,77.5,330.11210473656109
4,0,33,80,330.11210473656109
4,0,34,82.5,330.11210473656109
4,0,35,85,330.11210473656109
4,0,36,87.5,330.11210473656109
4,0,37,90,330.11210473656109
4,0,38,92.5,330.11210473656109
4,0,39,95,330.11210473656109
4,0,40,97.5,330.11210473656109
4,0,41,100,330.11210473656109
4,0,42,102.5,330.11210473656109
4,0,43,105,330.11210473656109
4,0,44,107.5,330.11210473656109
4,0,45,110,330.11210473656109
4,0,46,112.5,330.11210473656109
4,0,47,115,330.11210473656109
4,0,48,117.5,330.11210473656109
4,0,49,120,330.11210473656109
4,0,50,122.5,330.11210473656109
4,0,51,125,330.11210473656109
4,0,52,127.5,330.11210473656109
4,0,53,130,330.11210473656109
4,0,54,132.5,330.11210473656109
4,0,55,135,330.11210473656109
4,0,56,137.5,330.11210473656109
4,0,57,140,330.11210473656109
4,0,58,142.5,330.11210473656109
4,0,59,145,330.11210473656109
4,0,60,147.5,330.11210473656109
4,0,61,150,330.11210473656109
4,0,62,152.5,330.11210473656109
4,0,63,155,330.11210473656109
4,0,64,157.5,330.11210473656109
4,0,65,160,330.11210473656109
4,0,66,162.5,330.11210473656109
4,0,67,165,330.11210473656109
4,0,68,167.5,330.11210473656109
4,0,69,170,330.11210473656109
4,0,70,172.5,330.11210473656109
4,0,71,175,330.11210473656109
4,0,72,177.5,330.11210473656109
4,0,73,180,330.11210473656109
4,0,74,182.5,330.11210473656109
4,0,75,183.30064618139369,330.11210473656115
4,0,76,185,332.26461957346248
4,0,77,187.5,335.43128624012911
4,0,78,190,338.5979529067958
4,0,79,192.5,341.76461957346248
4,0,80,195,344.93128624012911
4,0,81,197.5,348.0979529067958
4,0,82,200,351.26461957346248
4,0,83,202.5,354.43128624012911
4,0,84,205,357.59795290679574
4,0,85,207.5,360.76461957346248
4,0,86,210,363.93128624012911
4,0,87,212.5,367.09795290679574
4,0,88,215,370.26461957346248
4,0,89,217.5,373.43128624012911
4,0,90,220,376.59795290679574
4,0,91,222.5,379.76461957346248
4,0,92,225,382.93128624012911
4,0,93,227.5,386.09795290679574
4,0,94,230,389.26461957346248
4,0,95,232.5,392.43128624012911
4,0,96,235,395.59795290679574
4,0,97,237.5,398.76461957346248
4,0,98,240,401.93128624012911
4,0,99,242.5,405.09795290679574
4,0,100,245,408.26461957346248
4,0,101,247.5,411.43128624012911
4,0,102,250,414.59795290679574
4,0,103,252.5,417.76461957346248
4,0,104,255,420.93128624012911
4,0,105,257.5,424.09795290679574
4,0,106,260,427.26461957346248
4,0,107,262.5,430.43128624012911
4,0,108,265,433.59795290679574
4,0,109,267.5,436.76461957346248
4,0,110,270,439.93128624012911
4,0,111,272.5,443.09795290679574
4,0,112,275,446.26461957346248
4,0,113,277.5,449.43128624012911
4,0,114,280,452.59795290679574
4,0,115,282.5,455.76461957346248
4,0,116,285,458.93128624012911
4,0,117,287.5,462.09795290679574
4,0,118,290,465.26461957346248
4,0,119,292.5,468.43128624012911
4,0,120,295,471.59795290679574
4,0,121,297.5,474.76461957346248
4,0,122,300,477.93128624012911
4,0,123,302.5,481.09795290679574
4,0,124,305,484.26461957346248
4,0,125,307.5,487.43128624012911
4,0,126,310,490.59795290679574
4,0,127,312.5,493.76461957346248
4,0,128,315,496.93128624012911
4,0,129,317.5,500.09795290679574
4,0,130,320,503.26461957346248
4,0,131,322.5,506.43128624012911
4,0,132,325,509.59795290679574
4,0,133,327.5,512.76461957346248
4,0,134,330,515.93128624012911
4,0,135,332.5,519.09795290679574
4,0,136,335,522.26461957346248
4,0,137,337.5,525.43128624012911
4,0,138,340,528.59795290679574
4,0,139,342.5,531.76461957346248
4,0,140,345,534.93128624012911
4,0,141,347.5,538.09795290679574
4,0,142,350,541.26461957346248
4,0,143,352.5,544.43128624012911
4,0,144,355,547.59795290679574
4,0,145,357.5,550.76461957346248
4,0,146,360,553.93128624012911
4,0,147,362.5,557.09795290679574
4,0,148,365,560.26461957346248
4,0,149,367.5,563.43128624012911
4,0,150,370,566.59795290679574
4,0,151,372.5,569.76461957346248
4,0,152,375,572.93128624012911
4,0,153,377.5,576.09795290679574
4,0,154,380,579.26461957346248
4,0,155,382.5,582.43128624012911
4,0,156,385,585.59795290679574
4,0,157,387.5,588.76461957346248
4,0,158,390,591.93128624012911
4,0,159,392.5,595.09795290679574
4,0,160,395,598.26461957346248
4,0,161,397.5,601.43128624012911
4,0,162,400,604.59795290679574
4,0,163,402.5,607.76461957346248
4,0,164,405,610.93128624012911
4,0,165,407.5,614.09795290679574
4,0,166,410,617.26461957346237
4,0,167,412.5,620.43128624012911
4,0,168,415,623.59795290679574
4,0,169,417.5,626.76461957346237
4,0,170,420,629.93128624012911
4,0,171,422.5,633.09795290679574
4,0,172,425,636.26461957346237
4,0,173,427.5,639.43128624012911
4,0,174,430,642.59795290679574
4,0,175,432.5,645.76461957346237
4,0,176,435,648.93128624012911
4,0,177,437.5,652.09795290679574
4,0,178,440,655.26461957346237
4,0,179,442.5,658.43128624012911
4,0,180,445,661.59795290679574
4,0,181,447.5,664.76461957346237
4,0,182,450,667.93128624012911
4,0,183,452.5,671.09795290679574
4,0,184,455,674.26461957346237
4,0,185,457.5,677.43128624012911
4,0,186,460,680.59795290679574
4,0,187,462.5,683.76461957346237
4,0,188,465,686.93128624012911
4,0,189,467.5,690.09795290679574
4,0,190,470,693.26461957346237
4,0,191,472.5,696.43128624012911
4,0,192,475,699.59795290679574
4,0,193,477.5,702.76461957346237
4,0,194,480,705.93128624012911
4,0,195,482.5,709.09795290679574
4,0,196,485,712.26461957346237
4,0,197,487.5,715.43128624012911
4,0,198,490,718.59795290679574
4,0,199,492.5,721.76461957346237
4,0,200,495,724.93128624012911
4,0,201,497.5,728.09795290679574
4,0,202,500,731.26461957346237
4,0,203,502.5,734.43128624012911
4,0,204,505,737.59795290679574
4,0,205,507.5,740.76461957346237
4,0,206,510,743.93128624012911
4,0,207,512.5,747.09795290679574
4,0,208,515,750.26461957346237
4,0,209,517.5,753.43128624012911
4,0,210,520,756.59795290679574
4,0,211,522.5,759.76461957346237
4,0,212,525,762.93128624012911
4,0,213,527.5,766.09795290679574
4,0,214,530,769.26461957346237
4,0,215,532.5,772.43128624012911
4,0,216,535,775.59795290679574
4,0,217,537.5,778.76461957346237
4,0,218,540,781.93128624012911
4,0,219,542.5,785.09795290679574
4,0,220,545,788.26461957346237
4,0,221,547.5,791.43128624012911
4,0,222,550,794.59795290679574
4,0,223,552.5,797.76461957346237
4,0,224,555,800.93128624012911
4,0,225,557.5,804.09795290679574
4,0,226,560,807.26461957346237
4,0,227,562.5,810.43128624012911
4,0,228,565,813.59795290679574
4,0,229,567.5,816.76461957346237
4,0,230,570,819.93128624012911
4,0,231,572.5,823.09795290679574
4,0,232,575,826.26461957346237
4,0,233,577.5,829.43128624012911
4,0,234,580,832.59795290679574
4,0,235,582.5,835.76461957346237
4,0,236,585,838.93128624012911
4,0,237,587.5,842.09795290679574
4,0,238,590,845.26461957346237
4,0,239,592.5,848.43128624012911
4,0,240,595,851.59795290679574
4,0,241,597.5,854.76461957346237
4,0,242,600,857.93128624012911
4,0,243,602.5,861.09795290679574
4,0,244,605,864.26461957346237
4,0,245,607.5,867.43128624012911
4,0,246,610,870.59795290679574
4,0,247,612.5,873.76461957346237
4,0,248,615,876.93128624012911
4,0,249,617.5,880.09795290679574
4,0,250,620,883.26461957346237
4,0,251,622.5,886.43128624012911
4,0,252,625,889.59795290679574
4,0,253,627.5,892.76461957346237
4,0,254,630,895.93128624012911
4,0,255,632.5,899.09795290679574
4,0,256,635,902.26461957346237
4,0,257,637.5,905.43128624012911
4,0,258,640,908.59795290679574
4,0,259,642.5,911.76461957346237
4,0,260,645,914.93128624012911
4,0,261,647.5,918.09795290679574
4,0,262,650,921.26461957346237
4,0,263,652.5,924.43128624012911
4,0,264,655,927.59795290679574
4,0,265,657.5,930.76461957346237
4,0,266,660,933.93128624012911
4,0,267,662.5,937.09795290679574
4,0,268,665,940.26461957346237
4,0,269,667.5,943.43128624012911
4,0,270,670,946.59795290679574
4,0,271,672.5,949.76461957346237
4,0,272,675,952.93128624012911
4,0,273,677.5,956.09795290679574
4,0,274,680,959.26461957346237
4,0,275,682.5,962.43128624012911
4,0,276,685,965.59795290679574
4,0,277,687.5,968.76461957346237
4,0,278,690,971.93128624012911
4,0,279,692.5,975.09795290679574
4,0,280,695,978.26461957346237
4,0,281,697.5,981.43128624012911
4,0,282,700,984.59795290679574
4,0,283,702.5,987.76461957346237
4,0,284,705,990.93128624012911
4,0,285,707.5,994.09795290679574
4,0,286,710,997.26461957346237
4,0,287,712.5,1000.4312862401291
4,0,288,715,1003.5979529067957
4,0,289,717.5,1006.7646195734624
4,0,290,720,1009.9312862401291
4,0,291,722.5,1013.0979529067957
4,0,292,725,1016.2646195734624
4,0,293,727.5,1019.4312862401291
4,0,294,730,1022.5979529067957
4,0,295,732.5,1025.7646195734624
4,0,296,735,1028.9312862401291
4,0,297,737.5,1032.0979529067959
4,0,298,740,1035.2646195734624
4,0,299,742.5,1038.4312862401291
4,0,300,745,1041.5979529067959
4,0,301,747.5,1044.7646195734624
4,0,302,750,1047.9312862401291
4,0,303,750,1100
4,0,304,750,1100
4,0,305,747.5,1100
4,0,306,745,1100
4,0,307,742.5,1100
4,0,308,740,1100
4,0,309,737.5,1100
4,0,310,735,1100
4,0,311,732.5,1100
4,0,312,730,1100
4,0,313,727.5,1100
4,0,314,725,1100
4,0,315,722.5,1100
4,0,316,720,1100
4,0,317,717.5,1100
4,0,318,715,1100
4,0,319,712.5,1100
4,0,320,710,1100
4,0,321,707.5,1100
4,0,322,705,1100
4,0,323,702.5,1100
4,0,324,700,1100
4,0,325,697.5,1100
4,0,326,695,1100
4,0,327,692.5,1100
4,0,328,690,1100
4,0,329,687.5,1100
4,0,330,685,1100
4,0,331,682.5,1100
4,0,332,680,1100
4,0,333,677.5,1100
4,0,334,675,1100
4,0,335,672.5,1100
4,0,336,670,1100
4,0,337,667.5,1100
4,0,338,665,1100
4,0,339,662.5,1100
4,0,340,660,1100
4,0,341,657.5,1100
4,0,342,655,1100
4,0,343,652.5,1100
4,0,344,650,1100
4,0,345,647.5,1100
4,0,346,645,1100
4,0,347,642.5,1100
4,0,348,640,1100
4,0,349,637.5,1100
4,0,350,635,1100
4,0,351,632.5,1100
4,0,352,630,1100
4,0,353,627.5,1100
4,0,354,625,1100
4,0,355,622.5,1100
4,0,356,620,1100
4,0,357,617.5,1100
4,0,358,615,1100
4,0,359,612.5,1100
4,0,360,610,1100
4,0,361,607.5,1100
4,0,362,605,1100
4,0,363,602.5,1100
4,0,364,600,1100
4,0,365,597.5,1100
4,0,366,595,1100
4,0,367,592.5,1100
4,0,368,590,1100
4,0,369,587.5,1100
4,0,370,585,1100
4,0,371,582.5,1100
4,0,372,580,1100
4,0,373,577.5,1100
4,0,374,575,1100
4,0,375,572.5,1100
4,0,376,570,1100
4,0,377,567.5,1100
4,0,378,565,1100
4,0,379,562.5,1100
4,0,380,560,1100
4,0,381,557.5,1100
4,0,382,555,1100
4,0,383,552.5,1100
4,0,384,550,1100
4,0,385,547.5,1100
4,0,386,545,1100
4,0,387,542.5,1100
4,0,388,540,1100
4,0,389,537.5,1100
4,0,390,535,1100
4,0,391,532.5,1100
4,0,392,530,1100
4,0,393,527.5,1100
4,0,394,525,1100
4,0,395,522.5,1100
4,0,396,520,1100
4,0,397,517.5,1100
4,0,398,515,1100
4,0,399,512.5,1100
4,0,400,510,1100
4,0,401,507.5,1100
4,0,402,505,1100
4,0,403,502.5,1100
4,0,404,500,1100
4,0,405,497.5,1100
4,0,406,495,1100
4,0,407,492.5,1100
4,0,408,490,1100
4,0,409,487.5,1100
4,0,410,485,1100
4,0,411,482.5,1100
4,0,412,480,1100
4,0,413,477.5,1100
4,0,414,475,1100
4,0,415,472.5,1100
4,0,416,470,1100
4,0,417,467.5,1100
4,0,418,465,1100
4,0,419,462.5,1100
4,0,420,460,1100
4,0,421,457.5,1100
4,0,422,455,1100
4,0,423,452.5,1100
4,0,424,450,1100
4,0,425,447.5,1100
4,0,426,445,1100
4,0,427,442.5,1100
4,0,428,440,1100
4,0,429,437.5,1100
4,0,430,435,1100
4,0,431,432.5,1100
4,0,432,430,1100
4,0,433,427.5,1100
4,0,434,425,1100
4,0,435,422.5,1100
4,0,436,420,1100
4,0,437,417.5,1100
4,0,438,415,1100
4,0,439,412.5,1100
4,0,440,410,1100
4,0,441,407.5,1100
4,0,442,405,1100
4,0,443,402.5,1100
4,0,444,400,1100
4,0,445,397.5,1100
4,0,446,395,1100
4,0,447,392.5,1100
4,0,448,390,1100
4,0,449,387.5,1100
4,0,450,385,1100
4,0,451,382.5,1100
4,0,452,380,1100
4,0,453,377.5,1100
4,0,454,375,1100
4,0,455,372.5,1100
4,0,456,370,1100
4,0,457,367.5,1100
4,0,458,365,1100
4,0,459,362.5,1100
4,0,460,360,1100
4,0,461,357.5,1100
4,0,462,355,1100
4,0,463,352.5,1100
4,0,464,350,1100
4,0,465,347.5,1100
4,0,466,345,1100
4,0,467,342.5,1100
4,0,468,340,1100
4,0,469,337.5,1100
4,0,470,335,1100
4,0,471,332.5,1100
4,0,472,330,1100
4,0,473,327.5,1100
4,0,474,325,1100
4,0,475,322.5,1100
4,0,476,320,1100
4,0,477,317.5,1100
4,0,478,315,1100
4,0,479,312.5,1100
4,0,480,310,1100
4,0,481,307.5,1100
4,0,482,305,1100
4,0,483,302.5,1100
4,0,484,300,1100
4,0,485,297.5,1100
4,0,486,295,1100
4,0,487,292.5,1100
4,0,488,290,1100
4,0,489,287.5,1100
4,0,490,285,1100
4,0,491,282.5,1100
4,0,492,280,1100
4,0,493,277.5,1100
4,0,494,275,1100
4,0,495,272.5,1100
4,0,496,270,1100
4,0,497,267.5,1100
4,0,498,265,1100
4,0,499,262.5,1100
4,0,500,260,1100
4,0,501,257.5,1100
4,0,502,255,1100
4,0,503,252.5,1100
4,0,504,250,1100
4,0,505,247.5,1100
4,0,506,245,1100
4,0,507,242.5,1100
4,0,508,240,1100
4,0,509,237.5,1100
4,0,510,235,1100
4,0,511,232.5,1100
4,0,512,230,1100
4,0,513,227.5,1100
4,0,514,225,1100
4,0,515,222.5,1100
4,0,516,220,1100
4,0,517,217.5,1100
4,0,518,215,1100
4,0,519,212.5,1100
4,0,520,210,1100
4,0,521,207.5,1100
4,0,522,205,1100
4,0,523,202.5,1100
4,0,524,200,1100
4,0,525,197.5,1100
4,0,526,195,1100
4,0,527,192.5,1100
4,0,528,190,1100
4,0,529,187.5,1100
4,0,530,185,1100
4,0,531,183.30064618139369,1100
4,0,532,182.5,1100
4,0,533,180,1100
4,0,534,177.5,1100
4,0,535,175,1100
4,0,536,172.5,1100
4,0,537,170,1100
4,0,538,167.5,1100
4,0,539,165,1100
4,0,540,162.5,1100
4,0,541,160,1100
4,0,542,157.5,1100
4,0,543,155,1100
4,0,544,152.5,1100
4,0,545,150,1100
4,0,546,147.5,1100
4,0,547,145,1100
4,0,548,142.5,1100
4,0,549,140,1100
4,0,550,137.5,1100
4,0,551,135,1100
4,0,552,132.5,1100
4,0,553,130,1100
4,0,554,127.5,1100
4,0,555,125,1100
4,0,556,122.5,1100
4,0,557,120,1100
4,0,558,117.5,1100
4,0,559,115,1100
4,0,560,112.5,1100
4,0,561,110,1100
4,0,562,107.5,1100
4,0,563,105,1100
4,0,564,102.5,1100
4,0,565,100,1100
4,0,566,97.5,1100
4,0,567,95,1100
4,0,568,92.5,1100
4,0,569,90,1100
4,0,570,87.5,1100
4,0,571,85,1100
4,0,572,82.5,1100
4,0,573,80,1100
4,0,574,77.5,1100
4,0,575,75,1100
4,0,576,72.5,1100
4,0,577,70,1100
4,0,578,67.5,1100
4,0,579,65,1100
4,0,580,62.5,1100
4,0,581,60,1100
4,0,582,57.5,1100
4,0,583,55,1100
4,0,584,52.5,1100
4,0,585,50,1100
4,0,586,47.5,1100
4,0,587,45,1100
4,0,588,42.5,1100
4,0,589,40,1100
4,0,590,37.5,1100
4,0,591,35,1100
4,0,592,32.5,1100
4,0,593,30,1100
4,0,594,27.5,1100
4,0,595,25,1100
4,0,596,22.5,1100
4,0,597,20,1100
4,0,598,17.5,1100
4,0,599,15,1100
4,0,600,12.5,1100
4,0,601,10,1100
4,0,602,7.5,1100
4,0,603,5,1100
4,0,604,2.5,1100
4,0,605,0,1100
4,0,606,0,1100
