case,duration_h,notice_h,capacity_kw,successes,trials,wilson_lower
f05,4,0,2.949121593122471,295,300,0.96616252724937679
f05,4,2,2.949121593122471,295,300,0.96616252724937679
f05,4,6,2.949121593122471,295,300,0.96616252724937679
f05,8,0,2.949121593122471,292,300,0.95329497805997565
f05,8,2,2.949121593122471,292,300,0.95329497805997565
f05,8,6,2.949121593122471,292,300,0.95329497805997565
f10,4,0,5.898243186244942,295,300,0.96616252724937679
f10,4,2,5.898243186244942,295,300,0.96616252724937679
f10,4,6,5.898243186244942,295,300,0.96616252724937679
f10,8,0,5.898243186244942,292,300,0.95329497805997565
f10,8,2,5.898243186244942,292,300,0.95329497805997565
f10,8,6,5.898243186244942,292,300,0.95329497805997565
f20,4,0,11.796486372489884,295,300,0.96616252724937679
f20,4,2,11.796486372489884,295,300,0.96616252724937679
f20,4,6,11.796486372489884,295,300,0.96616252724937679
f20,8,0,11.796486372489884,292,300,0.95329497805997565
f20,8,2,11.796486372489884,292,300,0.95329497805997565
f20,8,6,11.796486372489884,292,300,0.95329497805997565
f40,4,0,22.194450842199537,295,300,0.96616252724937679
f40,4,2,22.194450842199537,295,300,0.96616252724937679
f40,4,6,22.194450842199537,295,300,0.96616252724937679
f40,8,0,22.194450842199537,292,300,0.95329497805997565
f40,8,2,22.194450842199537,292,300,0.95329497805997565
f40,8,6,22.194450842199537,292,300,0.95329497805997565
f60,4,0,34.00130305805753,295,300,0.96616252724937679
f60,4,2,34.00130305805753,295,300,0.96616252724937679
f60,4,6,34.00130305805753,295,300,0.96616252724937679
f60,8,0,34.00130305805753,292,300,0.95329497805997565
f60,8,2,34.00130305805753,292,300,0.95329497805997565
f60,8,6,34.00130305805753,292,300,0.95329497805997565
