figure,panel,table,file,rows,role,meaning_zh,plot_instructions_zh
S01,a,S01a,S01/S01a.csv,4,panel_ready,示意面板的原始文字和布局坐标。,这是概念图，没有实测曲线或可统计的数值。text为原图文字；x_canvas/y_canvas仅为画布布局。直接修改同文件夹的SVG，可完整保留箭头、机架、方框与任务条。不要把示意长度当作测量值。
S01,b,S01b,S01/S01b.csv,4,panel_ready,示意面板的原始文字和布局坐标。,这是概念图，没有实测曲线或可统计的数值。text为原图文字；x_canvas/y_canvas仅为画布布局。直接修改同文件夹的SVG，可完整保留箭头、机架、方框与任务条。不要把示意长度当作测量值。
S02,a,S02a,S02/S02a.csv,30,panel_ready,所有板卡级运行均值，保留拟合/留出标签与原图横向错位。,X=x_position，Y=board_power_w；fit实心、holdout空心。分类刻度0训练1GPU、1训练4GPU、2离线1GPU、3离线4GPU。没有误差条。
S02,b,S02b,S02/S02b.csv,2,panel_ready,功率系数及95% Student t区间。,X=x_position，Y=estimate_w_per_gpu；上下误差长度分别为error_minus_w、error_plus_w。两次独立四GPU运行均值用于拟合；不是四块板卡作为独立重复。
S03,a,S03a,S03/S03a.csv,6,panel_ready,参考重复产品局部网格的开发评分。,X=request_kw，Y=两列lower，分别为1%与零漏期标准；Y=.95参考线。100开发情景/点。该图不是图3a的八周容量。
S03,b,S03b,S03/S03b.csv,6,panel_ready,参考重复产品局部网格的开发评分。,X=request_kw，Y=两列lower，分别为1%与零漏期标准；Y=.95参考线。100开发情景/点。该图不是图3a的八周容量。
S03,c,S03c,S03/S03c.csv,6,panel_ready,结构对照中即时不足与期限失败的百分比。,两组柱：X=x_shortage/x_deadline，Y=shortage_pct/deadline_miss_pct；数值已从300案例计数换算为%。两类失败可以重叠，不做堆叠。
S03,d,S03d,S03/S03d.csv,8,panel_ready,早期次数权重对照的逐周成功与供给不足。,X=week_position，刻度=week_label；successes_at_4p42与shortage_at_4p42堆叠，后者起点shortage_bottom。successes_at_2p95为菱形点。
S04,a,S04a,S04/S04a.csv,5,panel_ready,五档工作许可下的PV接纳增量。,分类X用x_no_BESS/x_with_BESS，刻度用x_position与x_label；Y=hosting_gain_kw。差值是两个最小接纳容量之差，不画误差条。
S04,b,S04b,S04/S04b.csv,5,panel_ready,固定500kW光伏系统利用率增量及配对95%区间。,Y=mean_pp；误差长度使用error_minus_pp/error_plus_pp，已算好。单位百分点，不要再次乘100。X与S04a对应。
S04,c,S04c,S04/S04c.csv,5,panel_ready,固定10%工作许可下，不重新选报价的独立成功率。,Y=success_4h_pct/success_8h_pct；仅向下的误差长度为error_minus，向上为0。参考线95%。X已包含两组的轻微错位。
S04,d,S04d,S04/S04d.csv,5,panel_ready,同一组硬件对照的PV接纳增量。,分类横轴同S04c；Y=两列hosting_gain_kw，分别无储能/有储能。
S05,a,S05a,S05/S05a.csv,152,panel_ready,等待估值为零时两产品年净值之差。,X=equal_capacity_price，Y=annual_value_8h_minus_4h_usd。保留程序输入的全部点；原图视窗X=0–75，Y=-330–220。Y=0与X≈25.57交点作说明。
S05,b,S05b,S05/S05b.csv,2,panel_ready,漏期工作估值0/1 USD/GPU-h的重复产品门槛。,两组柱，X和Y按missed_price_0/1对应。单位USD/报价kW·年；失败轨迹已保留。
S05,c,S05c,S05/S05c.csv,3,panel_ready,三种固定费用下的年净值第五百分位。,X=x_4h/x_8h，Y=两列net，已经除以1000，单位千美元。柱允许负值。
S05,d,S05d_fee0,S05/S05d_fee0.csv,302,panel_ready,固定费用为0美元时的解析产品选择边界。,X=price_4h，Y=required_price_8h；三份fee文件分别画一条线，已包含相应拐点，无需计算公式。原图X视窗0–1500。
S05,d,S05d_fee2500,S05/S05d_fee2500.csv,302,panel_ready,固定费用为2500美元时的解析产品选择边界。,X=price_4h，Y=required_price_8h；三份fee文件分别画一条线，已包含相应拐点，无需计算公式。原图X视窗0–1500。
S05,d,S05d_fee25000,S05/S05d_fee25000.csv,302,panel_ready,固定费用为25000美元时的解析产品选择边界。,X=price_4h，Y=required_price_8h；三份fee文件分别画一条线，已包含相应拐点，无需计算公式。原图X视窗0–1500。
S06,a,S06a,S06/S06a.csv,8,panel_ready,1%标准联合成功，每格300场景中的计数。,取后三列组成8×3矩阵，行标签row_label；色标0–300，显示整数。列依次为仅末次调用、16h起始间隔四次调用、24h起始间隔四次调用。
S06,b,S06b,S06/S06b.csv,8,panel_ready,零漏期标准联合成功，每格300场景中的计数。,取后三列组成8×3矩阵，行标签row_label；色标0–300，显示整数。列依次为仅末次调用、16h起始间隔四次调用、24h起始间隔四次调用。
S06,c,S06c,S06/S06c.csv,8,panel_ready,即时供给不足，每格300场景中的计数。,取后三列组成8×3矩阵，行标签row_label；色标0–300，显示整数。列依次为仅末次调用、16h起始间隔四次调用、24h起始间隔四次调用。
S06,d,S06d,S06/S06d.csv,8,panel_ready,超过1%漏期，每格300场景中的计数。,取后三列组成8×3矩阵，行标签row_label；色标0–300，显示整数。列依次为仅末次调用、16h起始间隔四次调用、24h起始间隔四次调用。
S07,a,S07a,S07/S07a.csv,5,panel_ready,有无储能分别展示的绝对光伏接纳容量。,X=eligible_work_pct（按实际百分比数值位置），Y=rigid_hosting_kw/flexible_hosting_kw；连接已计算点。值为100个场景中的最小接纳容量，非均值或误差界。
S07,b,S07b,S07/S07b.csv,5,panel_ready,有无储能分别展示的绝对光伏接纳容量。,X=eligible_work_pct（按实际百分比数值位置），Y=rigid_hosting_kw/flexible_hosting_kw；连接已计算点。值为100个场景中的最小接纳容量，非均值或误差界。
S07,c,S07c,S07/S07c.csv,5,panel_ready,固定500kW光伏下的平均弃光电量。,X=eligible_work_pct；四个Y列为调度×储能组合。刚性虚线、灵活实线；有无储能用颜色区分。单位已换算为kwh。
S07,d,S07d,S07/S07d.csv,5,panel_ready,固定500kW光伏下的平均电网购电量。,X=eligible_work_pct；四个Y列为调度×储能组合。刚性虚线、灵活实线；有无储能用颜色区分。单位已换算为mwh。
S08,a,S08a,S08/S08a.csv,4,panel_ready,单次响应的预留经济寿命敏感性。,X=x_plot，Y=两个threshold列；c横轴已乘1000，d横轴已除以1000，其余原单位。original_parameter_value仅供核对。点为成本门槛，不是统计区间。
S08,b,S08b,S08/S08b.csv,4,panel_ready,单次响应的被挤占工作价值敏感性。,X=x_plot，Y=两个threshold列；c横轴已乘1000，d横轴已除以1000，其余原单位。original_parameter_value仅供核对。点为成本门槛，不是统计区间。
S08,c,S08c,S08/S08c.csv,4,panel_ready,单次响应的等待价格敏感性。,X=x_plot，Y=两个threshold列；c横轴已乘1000，d横轴已除以1000，其余原单位。original_parameter_value仅供核对。点为成本门槛，不是统计区间。
S08,d,S08d,S08/S08d.csv,3,panel_ready,单次响应的固定场站费敏感性。,X=x_plot，Y=两个threshold列；c横轴已乘1000，d横轴已除以1000，其余原单位。original_parameter_value仅供核对。点为成本门槛，不是统计区间。
S09,a,S09a,S09/S09a.csv,2,panel_ready,参考工作负载两种时长产品的独立确认。,X=x_success_1pct/x_success_zero，Y=对应fraction；仅向下误差长度error_minus，上误差0。Y=.95参考线。capacity_kw是点上方容量标注。
S09,b,S09b,S09/S09b.csv,9,panel_ready,八周经验分布上的开发网格。,X=request_kw；四条Y为两个权重×两个成功标准的Wilson单侧下界。圆点实线1%，方点虚线零漏期。Y=.95参考线；仅连接已测试点。
S09,c,S09c,S09/S09c.csv,3,panel_ready,八周经验分布上两种已选容量与固定比较请求的确认。,X分别用两个x_标准列，Y=对应fraction，单侧误差如S09a。三类依次为次数2.95已选、资源时间1.47已选、资源时间2.95固定比较。
S10,a,S10a,S10/S10a.csv,4,panel_ready,包含PUE的设施峰值功率分项。,横向柱：X=facility_power_kw，Y=y_position，按component从上到下。四项合计193.44kW附近的完整精度峰值。
S10,b,S10b,S10/S10b.csv,4,panel_ready,节点固定开销改变峰值及同一报价的占比。,X=node_overhead_w，Y=single_offer_pct_peak（已为%），operating_peak_kw用于标签；无误差条。
S10,c,S10c,S10/S10c.csv,100,panel_ready,常规与严格求解的100组PV利用率增量对照。,X=original_utilisation_gain_pp，Y=strict_utilisation_gain_pp，均为百分点；每行一对，全部100点保留。画Y=X虚线，不强行把接近零的值截为零。
S10,d,S10d,S10/S10d.csv,100,panel_ready,常规与严格求解的100组PV利用率增量对照。,X=original_utilisation_gain_pp，Y=strict_utilisation_gain_pp，均为百分点；每行一对，全部100点保留。画Y=X虚线，不强行把接近零的值截为零。
