kind,case,program,duration_h,capacity_kw,operating_peak_kw,annual_units,reference_payment,waiting_price,missed_work_price,accounting_offered_kw,scale,energy_annual_usd_at_total_q95,waiting_annual_usd_at_total_q95,delivery_revenue_credit_annual_usd_at_total_q95,missed_work_annual_usd_at_total_q95,energy_annual_usd_mean,waiting_annual_usd_mean,delivery_revenue_credit_annual_usd_mean,missed_work_annual_usd_mean,net_operating_cost_annual_q95,net_operating_cost_per_kw_q95,fixed_fee_per_kw,reference_total_payment_per_kw,fixed_fee_fraction_of_unfloored_total
single,f05,H4,4,2.949121593122471,189.93589068897205,50,1653.0667598459024,0.005,0.0,15.526931652700547,5.264934375344267,5.437405709595737,809.8572299465001,-148.2400381776194,0.0,3.2158416876288887,768.8665898386479,-148.21585792688998,0.0,667.0545974784764,42.961134395310985,1610.1056254505913,1653.0667598459024,0.9740112526373007
single,f05,H8,8,2.949121593122471,189.93589068897205,50,1739.110392320615,0.005,0.0,15.526931652700547,5.264934375344267,4.283314520448965,2294.9894098137092,-296.2245262707408,0.0,3.2158416876336515,2218.4935259019767,-296.2797654044507,0.0,2003.0481980634174,129.00476687002316,1610.1056254505913,1739.1103923206147,0.9258214041847664
single,f10,H4,4,5.898243186244942,193.4389798490304,50,863.2561861908952,0.005,0.0,30.4914924119649,5.169588884207571,4.3038007889212535,1608.6566214591646,-290.9909714266483,0.0,6.315208607316796,1522.048964049177,-291.0634765706985,0.0,1321.9694508214377,43.35535410863311,819.900832082262,863.2561861908952,0.949776955204992
single,f10,H8,8,5.898243186244942,193.4389798490304,50,949.7291912836874,0.005,0.0,30.4914924119649,5.169588884207571,7.834584308774387,4532.6786079084295,-581.8527627690878,0.0,6.315208607325813,4381.407390112925,-581.8285557454172,0.0,3958.6604294481162,129.82835920142543,819.900832082262,949.7291912836874,0.8632996011990062
single,f20,H4,4,11.796486372489884,200.10439074112588,50,468.0421186697869,0.005,0.0,58.95166182410732,4.997391592939584,7.810852358201298,3146.669970014491,-562.6201231127088,0.0,12.019790827566961,2971.0295958793104,-562.752494088596,0.0,2591.8606992599834,43.96586320150324,424.07625546828365,468.0421186697869,0.9060643018058766
single,f20,H8,8,11.796486372489884,200.10439074112588,50,556.0807866286734,0.005,0.0,58.95166182410732,4.997391592939584,4.434304447722806,8901.988206129037,-1124.5360303596221,0.0,12.019790827566625,8578.125832110978,-1124.9120760230871,0.0,7781.886480217137,132.00453116038983,424.07625546828365,556.0807866286734,0.7626162702712894
single,f40,H4,4,22.194450842199537,212.155156908632,50,320.25712899010347,0.005,0.0,104.61424160317694,4.713531429408836,45.17324107817316,9492.102491328622,-1033.8190650963077,0.0,20.7945725200649,9123.638963656585,-1032.790604643019,0.0,8503.456667310487,81.28392976900626,238.97319922109722,320.25712899010347,0.7461916616022681
single,f40,H8,8,22.194450842199537,212.155156908632,50,435.52258292170166,0.005,0.0,104.61424160317694,4.713531429408836,11.616277969915854,22609.3008755163,-2059.0524400756553,0.0,20.79457252006407,21792.65090782582,-2061.230607476641,0.0,20561.86471341056,196.54938370060444,238.97319922109722,435.52258292170166,0.548704495684119
single,f60,H4,4,34.00130305805753,226.16616044220171,50,235.3831046709388,0.005,0.0,150.33771184680296,4.421527951152342,28.438254413484362,11828.056497705866,-1469.5373884938947,0.0,29.504228371809116,11270.766482797975,-1472.2977226714784,0.0,10386.957363625455,69.09083047778435,166.29227419315444,235.3831046709388,0.7064749801207183
single,f60,H8,8,34.00130305805753,226.16616044220171,50,342.35937335272706,0.005,0.0,150.33771184680296,4.421527951152342,27.028964612770533,29381.93404290959,-2939.438188368047,0.0,29.50422837181461,28283.247271964487,-2937.2489444473727,0.0,26469.524819154314,176.06709915957262,166.29227419315444,342.35937335272706,0.48572432109760383
repeated,f05,H4G8,4,2.949121593122471,189.93589068897205,12,1774.020472916708,0.005,0.0,15.526931652700547,5.264934375344267,4.873497521641413,2682.9579902246064,-142.7368542770201,0.0,2.6775113905505576,2637.6364344062795,-142.72747384921692,0.0,2545.094633469228,163.9148474661166,1610.1056254505913,1774.020472916708,0.9076026179130727
repeated,f05,H8G12,8,2.211841194841853,189.93589068897205,12,2424.897217754551,0.005,0.0,11.645198739525409,5.264934375344267,5.807624274069086,3448.3219536497754,-215.71955424987323,0.0,2.677511390558628,3393.3568812428766,-215.798933768644,0.0,3238.4100236739714,278.0897171537624,2146.807500600789,2424.8972177545515,0.8853189672874989
repeated,f05,H8G16,8,2.211841194841853,189.93589068897205,12,2401.007185502357,0.005,0.0,11.645198739525409,5.264934375344267,5.616714614375887,3169.1023091507564,-214.51317356162357,0.0,2.677511390560022,3055.716582468346,-214.49809717346545,0.0,2960.2058502035084,254.1996849015691,2146.807500600789,2401.007185502358,0.8941278949782138
repeated,f05,H8G8,8,2.211841194841853,189.93589068897205,12,2461.2237521375337,0.005,0.0,11.645198739525409,5.264934375344267,3.170730465515011,3873.1608134632966,-214.89180784680258,0.0,2.6775113905594554,3800.9600126525047,-214.96193311485806,0.0,3661.439736082009,314.4162515367452,2146.807500600789,2461.223752137534,0.8722520651510536
repeated,f10,H4G8,4,5.898243186244942,193.4389798490304,12,983.8672898076836,0.005,0.0,30.4914924119649,5.169588884207571,11.255757517376829,5268.757175229457,-280.4309311953794,0.0,5.2580458312172444,5181.8466649721195,-280.2848857906976,0.0,4999.582001551455,163.96645772542155,819.900832082262,983.8672898076836,0.833344944563131
repeated,f10,H8G12,8,4.423682389683707,193.4389798490304,12,1371.251220641391,0.005,0.0,22.868619308973678,5.169588884207571,11.4193362063204,6770.859757035188,-423.6569514280656,0.0,5.25804583122487,6663.776983679471,-423.7808141446087,0.0,6358.622141813443,278.05011119837525,1093.2011094430159,1371.2512206413912,0.7972289052415066
repeated,f10,H8G16,8,4.423682389683707,193.4389798490304,12,1348.7783519888403,0.005,0.0,22.868619308973678,5.169588884207571,8.515442626695757,6257.495924290192,-421.3127030991968,0.0,5.258045831224765,6024.088827280708,-421.2234914485096,0.0,5844.698663817691,255.5772425458245,1093.2011094430159,1348.7783519888403,0.8105120517622757
repeated,f10,H8G8,8,4.423682389683707,193.4389798490304,12,1407.995265095528,0.005,0.0,22.868619308973678,5.169588884207571,6.838296639740881,7614.231723153404,-422.1623134860406,0.0,5.258045831224762,7471.073411489571,-422.1410346217795,0.0,7198.907706307105,314.7941556525122,1093.2011094430159,1407.995265095528,0.7764238535055341
repeated,f20,H4G8,4,11.796486372489884,200.10439074112588,12,588.4140274933396,0.005,0.0,58.95166182410732,4.997391592939584,17.545319190609046,10212.245462327523,-541.8060201697842,0.0,9.982377283065608,10027.331378697549,-541.9270254450353,0.0,9687.984761348347,164.33777202505604,424.07625546828365,588.4140274933396,0.7207106487159398
repeated,f20,H8G12,8,8.847364779367414,200.10439074112588,12,843.5137345367937,0.005,0.0,44.21374636808049,4.997391592939584,22.22233199878098,13092.787000812321,-820.1070160089339,0.0,9.982377283073424,12876.225413705526,-819.477817908944,0.0,12294.902316802167,278.07872724574867,565.4350072910448,843.5137345367935,0.6703328993232663
repeated,f20,H8G16,8,8.847364779367414,200.10439074112588,12,823.3851631848356,0.005,0.0,44.21374636808049,4.997391592939584,23.207528898017866,12196.321018675846,-814.5857792789799,0.0,9.982377283073612,11743.57114941776,-814.3936940216886,0.0,11404.942768294884,257.9501558937907,565.4350072910448,823.3851631848356,0.6867199368810032
repeated,f20,H8G8,8,8.847364779367414,200.10439074112588,12,881.0800733130018,0.005,0.0,44.21374636808049,4.997391592939584,16.15025343950515,14755.638348655802,-815.9377106644836,0.0,9.98237728307165,14468.175564849487,-816.2696867563827,0.0,13955.850891430824,315.6450660219569,565.4350072910448,881.0800733130018,0.641752122670212
repeated,f40,H4G8,4,22.194450842199537,212.155156908632,12,475.4898886497554,0.005,0.0,104.61424160317694,4.713531429408836,44.62803238196312,25697.345018050273,-998.9589593590198,0.0,17.2368048534436,25259.589252177633,-999.4276902304827,0.0,24743.014091073215,236.51668942865822,238.97319922109722,475.48988864975547,0.5025831356786732
repeated,f40,H8G12,8,16.645838131649654,212.155156908632,12,764.1856518237445,0.005,0.0,78.4606812023827,4.713531429408836,25.927544298221022,36437.53472278714,-1504.9354599075095,0.0,17.23680485344559,35955.805888543066,-1504.8928835475615,0.0,34958.52680717785,445.5547195289483,318.6309322947963,764.1856518237446,0.4169548741649063
repeated,f40,H8G16,8,16.645838131649654,212.155156908632,12,760.3256978837998,0.005,0.0,78.4606812023827,4.713531429408836,24.40220360042055,36134.04886833317,-1502.7788802936411,0.0,17.236804853445435,35226.873291186654,-1502.0344930046697,0.0,34655.67219163995,441.69476558900334,318.6309322947963,760.3256978837996,0.4190716336191659
repeated,f40,H8G8,8,16.645838131649654,212.155156908632,12,783.5324358601003,0.005,0.0,78.4606812023827,4.713531429408836,24.93034510915736,37954.574299470216,-1503.0159828336673,0.0,17.236804853445356,37346.19318419762,-1503.0757127123113,0.0,36476.4886617457,464.901503565304,318.6309322947963,783.5324358601003,0.4066595302401595
repeated,f60,H4G8,4,34.00130305805753,226.16616044220171,12,372.5775514923666,0.005,0.0,150.33771184680296,4.421527951152342,45.96075390509587,32393.86458067698,-1427.368757735267,0.0,24.51910636432442,31748.011940109132,-1426.8873232935812,0.0,31012.456576846806,206.2852772992122,166.29227419315444,372.5775514923666,0.4463292904445464
repeated,f60,H8G12,8,25.500977293543148,226.16616044220171,12,602.8150862370206,0.005,0.0,112.75328388510223,4.421527951152342,29.771211667473676,45097.00981330306,-2157.400476265367,0.0,24.51910636432352,44408.47292915083,-2157.6221704115665,0.0,42969.38054870517,381.0920539794814,221.72303225753922,602.8150862370206,0.3678126797416613
repeated,f60,H8G16,8,25.500977293543148,226.16616044220171,12,599.3807503126171,0.005,0.0,112.75328388510223,4.421527951152342,47.053960361281426,44683.9212740235,-2148.827339120679,0.0,24.519106364323896,43427.55162283855,-2148.325912772271,0.0,42582.1478952641,377.6577180550779,221.72303225753922,599.380750312617,0.36992017535080307
repeated,f60,H8G8,8,25.500977293543148,226.16616044220171,12,628.0664272334849,0.005,0.0,112.75328388510223,4.421527951152342,36.33215677291388,47930.71870140728,-2150.4986896211685,0.0,24.519106364322983,47055.05230428553,-2151.205257854866,0.0,45816.55216855902,406.3433949759456,221.72303225753922,628.0664272334849,0.3530248117769767
