evaluation_split,analysis_variant,dc_operation,bess_enabled,dc_scale_of_reference_mix,target_dc_peak_kw,maximum_pv_curtailment_fraction,scenario_count,feasible_scenario_count,all_scenarios_feasible,simultaneous_feasible_pv_hosting_kw,mean_scenario_pv_hosting_kw,minimum_scenario_pv_hosting_kw,maximum_scenario_pv_hosting_kw,q05_scenario_pv_hosting_kw,q50_scenario_pv_hosting_kw,q95_scenario_pv_hosting_kw
development,headline_pv_hosting_envelope,flexible,False,0.5,100.500391992,0.05,100,100,True,413.447601276,596.08263221,413.447601276,797.813550457,438.224392236,572.619066695,772.322389968
development,headline_pv_hosting_envelope,rigid,False,0.5,100.500391992,0.05,100,100,True,365.801133821,574.564352034,365.801133821,778.33153883,413.889669179,555.620166103,752.502268276
development,headline_pv_hosting_envelope,flexible,True,0.5,100.500391992,0.05,100,100,True,470.347817062,656.231359161,470.347817062,857.564873523,493.67630696,641.459314353,827.959943497
development,headline_pv_hosting_envelope,rigid,True,0.5,100.500391992,0.05,100,100,True,418.547608968,636.214713268,418.547608968,838.463963289,475.221663993,622.719684132,809.680731915
development,headline_pv_hosting_envelope,flexible,False,1,201.000783984,0.05,100,100,True,525.741229206,731.165198181,525.741229206,929.056661487,565.842277343,715.314143501,898.487872298
development,headline_pv_hosting_envelope,rigid,False,1,201.000783984,0.05,100,100,True,430.448294296,685.500884726,430.448294296,889.975053414,508.869650485,668.506542947,861.510301868
development,headline_pv_hosting_envelope,flexible,True,1,201.000783984,0.05,100,100,True,585.913605287,791.589609683,585.913605287,986.842513553,620.92012761,782.873818225,956.729120989
development,headline_pv_hosting_envelope,rigid,True,1,201.000783984,0.05,100,100,True,482.654683889,748.243319948,482.654683889,948.748865954,566.657648825,743.989453549,919.207130245
development,headline_pv_hosting_envelope,flexible,False,2,402.001567968,0.05,100,100,True,750.328485065,996.440172857,750.328485065,1185.68201311,810.450989664,994.53993624,1164.60343736
development,headline_pv_hosting_envelope,rigid,False,2,402.001567968,0.05,100,95,False,,897.42800467,559.742615246,1106.8351946,668.971974388,899.539475089,1082.92373824
development,headline_pv_hosting_envelope,flexible,True,2,402.001567968,0.05,100,100,True,810.519437478,1057.66441849,810.519437478,1243.05733022,866.975994987,1067.17617704,1219.00713746
development,headline_pv_hosting_envelope,rigid,True,2,402.001567968,0.05,100,96,False,,961.947311786,610.868833731,1164.69834077,732.56214778,964.368889877,1144.21972279
development,headline_pv_hosting_envelope,flexible,False,3,603.002351952,0.05,100,93,False,,1256.68961712,974.12763689,1444.57058506,1051.64940097,1268.63199049,1431.01684875
development,headline_pv_hosting_envelope,rigid,False,3,603.002351952,0.05,100,57,False,,1053.22247628,688.325704008,1345.82304261,813.778494357,1058.88104687,1274.03404704
development,headline_pv_hosting_envelope,flexible,True,3,603.002351952,0.05,100,100,True,1032.32742516,1320.54407217,1032.32742516,1498.58534106,1112.69538418,1334.86957237,1485.56150458
development,headline_pv_hosting_envelope,rigid,True,3,603.002351952,0.05,100,89,False,,1162.50406461,739.096124484,1406.91620454,878.360201633,1179.90796513,1361.0967734
development,pv_curtailment_sensitivity,flexible,False,1,201.000783984,0,100,100,True,368.677615307,545.072722187,368.677615307,692.843680022,413.976002012,506.351188972,691.10350827
development,pv_curtailment_sensitivity,rigid,False,1,201.000783984,0,100,100,True,296.30989055,488.477885286,296.30989055,682.719683123,325.267851506,479.18750444,652.672755022
development,pv_curtailment_sensitivity,flexible,True,1,201.000783984,0,100,100,True,425.416337038,620.383499959,425.416337038,779.355876039,466.143978196,592.694043272,772.891666836
development,pv_curtailment_sensitivity,rigid,True,1,201.000783984,0,100,100,True,366.489556404,571.423781648,366.489556404,764.756110621,385.790424261,568.451593884,750.243838539
development,pv_curtailment_sensitivity,flexible,False,1,201.000783984,0.05,100,100,True,525.741229206,731.165198181,525.741229206,929.056661487,565.842277343,715.314143501,898.487872298
development,pv_curtailment_sensitivity,rigid,False,1,201.000783984,0.05,100,100,True,430.448294296,685.500884726,430.448294296,889.975053414,508.869650485,668.506542947,861.510301868
development,pv_curtailment_sensitivity,flexible,True,1,201.000783984,0.05,100,100,True,585.913605287,791.589609683,585.913605287,986.842513553,620.92012761,782.873818225,956.729120989
development,pv_curtailment_sensitivity,rigid,True,1,201.000783984,0.05,100,100,True,482.654683889,748.243319948,482.654683889,948.748865954,566.657648825,743.989453549,919.207130245
development,pv_curtailment_sensitivity,flexible,False,1,201.000783984,0.1,100,100,True,619.695224686,830.657972171,619.695224686,1026.37370471,642.08025899,816.241104208,1002.56317554
development,pv_curtailment_sensitivity,rigid,False,1,201.000783984,0.1,100,100,True,549.655547805,783.913526461,549.655547805,988.150180758,591.998735624,765.117101039,962.981425225
development,pv_curtailment_sensitivity,flexible,True,1,201.000783984,0.1,100,100,True,673.094612766,892.6034286,673.094612766,1082.54857109,699.133859931,883.474910694,1059.12413631
development,pv_curtailment_sensitivity,rigid,True,1,201.000783984,0.1,100,100,True,614.992453664,847.319576458,614.992453664,1044.82955263,649.632562556,838.614264739,1022.01299677
development,pv_curtailment_sensitivity,flexible,False,1,201.000783984,0.2,100,100,True,761.055209129,1026.27453375,761.055209129,1228.90337991,801.09456322,1025.36827948,1205.62811488
development,pv_curtailment_sensitivity,rigid,False,1,201.000783984,0.2,100,100,True,711.847396442,975.332211378,711.847396442,1189.71283769,750.167598541,980.96278413,1164.51645863
development,pv_curtailment_sensitivity,flexible,True,1,201.000783984,0.2,100,100,True,820.426307181,1093.80803598,820.426307181,1283.71314483,861.680976819,1101.52573714,1262.47575062
development,pv_curtailment_sensitivity,rigid,True,1,201.000783984,0.2,100,100,True,772.007080557,1043.69526036,772.007080557,1244.51140182,816.621570716,1052.4807082,1219.80830591
validation,headline_pv_hosting_envelope,flexible,False,0.5,100.500391992,0.05,100,100,True,489.296801998,724.661158782,489.296801998,848.478109476,524.694424656,746.469000858,836.276204434
validation,headline_pv_hosting_envelope,rigid,False,0.5,100.500391992,0.05,100,100,True,472.353462158,703.190008702,472.353462158,820.188092118,515.25833782,724.953657749,803.467805393
validation,headline_pv_hosting_envelope,flexible,True,0.5,100.500391992,0.05,100,100,True,553.122199053,786.467546778,553.122199053,904.386849023,586.908061187,803.132363756,897.803487465
validation,headline_pv_hosting_envelope,rigid,True,0.5,100.500391992,0.05,100,100,True,535.814530847,766.051358218,535.814530847,886.493424015,578.550824956,783.607884833,870.318200175
validation,headline_pv_hosting_envelope,flexible,False,1,201.000783984,0.05,100,100,True,617.518963453,860.4003214,617.518963453,985.848647813,668.080254286,876.675460947,971.741640148
validation,headline_pv_hosting_envelope,rigid,False,1,201.000783984,0.05,100,100,True,584.69363513,815.546267771,584.69363513,951.840521838,641.966625502,831.954427464,919.729023996
validation,headline_pv_hosting_envelope,flexible,True,1,201.000783984,0.05,100,100,True,686.768909239,922.517581499,686.768909239,1051.71706502,730.310745801,934.58316834,1033.07516773
validation,headline_pv_hosting_envelope,rigid,True,1,201.000783984,0.05,100,100,True,653.391962938,879.318552387,653.391962938,1020.15169292,709.454335,892.11364289,983.049990589
validation,headline_pv_hosting_envelope,flexible,False,2,402.001567968,0.05,100,100,True,870.826167319,1126.93356936,870.826167319,1273.89882517,949.891221182,1135.67594696,1239.07090183
validation,headline_pv_hosting_envelope,rigid,False,2,402.001567968,0.05,100,100,True,801.680060808,1030.19983631,801.680060808,1209.40353502,870.378428933,1049.54324001,1140.8003028
validation,headline_pv_hosting_envelope,flexible,True,2,402.001567968,0.05,100,100,True,939.968727696,1189.74173448,939.968727696,1336.24090625,1016.58249495,1201.37440044,1299.4968631
validation,headline_pv_hosting_envelope,rigid,True,2,402.001567968,0.05,100,100,True,878.651026892,1094.96233538,878.651026892,1274.16936878,933.452531785,1110.27639054,1204.86791899
validation,headline_pv_hosting_envelope,flexible,False,3,603.002351952,0.05,100,100,True,1120.84550697,1390.20466073,1120.84550697,1558.68203303,1230.82585948,1398.9220394,1509.69028872
validation,headline_pv_hosting_envelope,rigid,False,3,603.002351952,0.05,100,31,False,,1155.10749562,1013.73002261,1359.92037973,1017.44929847,1173.17836758,1298.80835868
validation,headline_pv_hosting_envelope,flexible,True,3,603.002351952,0.05,100,100,True,1190.87079078,1453.51961387,1190.87079078,1617.87993914,1298.08701961,1459.65694183,1574.60826983
validation,headline_pv_hosting_envelope,rigid,True,3,603.002351952,0.05,100,96,False,,1297.58216295,1092.96094049,1526.36433253,1107.93356834,1297.37620131,1426.21084144
validation,pv_curtailment_sensitivity,flexible,False,1,201.000783984,0,100,100,True,444.513651365,664.790275454,444.513651365,765.047854517,460.466496077,688.234195259,765.047854517
validation,pv_curtailment_sensitivity,rigid,False,1,201.000783984,0,100,100,True,353.867201021,591.787753843,353.867201021,754.169940668,447.482401705,591.128763311,702.196072201
validation,pv_curtailment_sensitivity,flexible,True,1,201.000783984,0,100,100,True,511.682376799,741.472441969,511.682376799,854.605079793,556.935260176,766.335311531,854.605079793
validation,pv_curtailment_sensitivity,rigid,True,1,201.000783984,0,100,100,True,445.393299916,685.401544534,445.393299916,842.678006498,543.720088251,691.490804029,798.407852254
validation,pv_curtailment_sensitivity,flexible,False,1,201.000783984,0.05,100,100,True,617.518963453,860.4003214,617.518963453,985.848647813,668.080254286,876.675460947,971.741640148
validation,pv_curtailment_sensitivity,rigid,False,1,201.000783984,0.05,100,100,True,584.69363513,815.546267771,584.69363513,951.840521838,641.966625502,831.954427464,919.729023996
validation,pv_curtailment_sensitivity,flexible,True,1,201.000783984,0.05,100,100,True,686.768909239,922.517581499,686.768909239,1051.71706502,730.310745801,934.58316834,1033.07516773
validation,pv_curtailment_sensitivity,rigid,True,1,201.000783984,0.05,100,100,True,653.391962938,879.318552387,653.391962938,1020.15169292,709.454335,892.11364289,983.049990589
validation,pv_curtailment_sensitivity,flexible,False,1,201.000783984,0.1,100,100,True,709.339335502,965.78866334,709.339335502,1128.62259353,772.253404434,974.843454056,1101.77749127
validation,pv_curtailment_sensitivity,rigid,False,1,201.000783984,0.1,100,100,True,674.841917715,921.510981132,674.841917715,1067.61669813,732.496613443,935.933251804,1052.24408644
validation,pv_curtailment_sensitivity,flexible,True,1,201.000783984,0.1,100,100,True,770.775458209,1026.8226294,770.775458209,1195.83777076,836.591748303,1030.80760438,1164.23294648
validation,pv_curtailment_sensitivity,rigid,True,1,201.000783984,0.1,100,100,True,739.733800712,984.308578058,739.733800712,1136.5248023,800.414134148,994.366688212,1115.86652886
validation,pv_curtailment_sensitivity,flexible,False,1,201.000783984,0.2,100,100,True,885.169637439,1169.75235752,885.169637439,1384.10297455,960.423351279,1169.2546497,1346.53763614
validation,pv_curtailment_sensitivity,rigid,False,1,201.000783984,0.2,100,100,True,838.576620131,1122.24003834,838.576620131,1323.53346321,909.856423731,1127.159661,1290.00195444
validation,pv_curtailment_sensitivity,flexible,True,1,201.000783984,0.2,100,100,True,954.45983322,1234.36165273,954.45983322,1461.34160617,1029.36533825,1231.23732506,1420.3453599
validation,pv_curtailment_sensitivity,rigid,True,1,201.000783984,0.2,100,100,True,909.144683919,1187.55192502,909.144683919,1403.19875835,981.384161973,1187.16870705,1362.77935005
