community_profile_case,climate_zone,timestamp,community_load_kw,pv_generation_kw,net_community_load_kw,profile_id
climate_3c,3C,2018-05-06 00:00:00,309.04455482,0,309.04455482,eulp_mixed_3c
climate_3c,3C,2018-05-06 01:00:00,242.668734419,0,242.668734419,eulp_mixed_3c
climate_3c,3C,2018-05-06 02:00:00,210.895732357,0,210.895732357,eulp_mixed_3c
climate_3c,3C,2018-05-06 03:00:00,203.641277633,0,203.641277633,eulp_mixed_3c
climate_3c,3C,2018-05-06 04:00:00,202.651078275,0,202.651078275,eulp_mixed_3c
climate_3c,3C,2018-05-06 05:00:00,203.680561243,0,203.680561243,eulp_mixed_3c
climate_3c,3C,2018-05-06 06:00:00,210.628768481,0,210.628768481,eulp_mixed_3c
climate_3c,3C,2018-05-06 07:00:00,222.000788722,0,222.000788722,eulp_mixed_3c
climate_3c,3C,2018-05-06 08:00:00,231.432508853,1.86312807096,229.569380782,eulp_mixed_3c
climate_3c,3C,2018-05-06 09:00:00,246.797637994,9.75903551961,237.038602475,eulp_mixed_3c
climate_3c,3C,2018-05-06 10:00:00,277.920250194,21.5724927373,256.347757456,eulp_mixed_3c
climate_3c,3C,2018-05-06 11:00:00,299.443654703,39.1299764673,260.313678236,eulp_mixed_3c
climate_3c,3C,2018-05-06 12:00:00,298.542956973,55.7617959372,242.781161036,eulp_mixed_3c
climate_3c,3C,2018-05-06 13:00:00,294.949283203,65.9542513625,228.99503184,eulp_mixed_3c
climate_3c,3C,2018-05-06 14:00:00,308.3447568,68.6189204814,239.725836319,eulp_mixed_3c
climate_3c,3C,2018-05-06 15:00:00,312.648255688,65.3982178417,247.250037846,eulp_mixed_3c
climate_3c,3C,2018-05-06 16:00:00,325.539386676,58.4187972239,267.120589452,eulp_mixed_3c
climate_3c,3C,2018-05-06 17:00:00,348.477528989,48.6870567341,299.790472255,eulp_mixed_3c
climate_3c,3C,2018-05-06 18:00:00,382.257770951,35.7620102239,346.495760727,eulp_mixed_3c
climate_3c,3C,2018-05-06 19:00:00,402.953032563,23.6287185765,379.324313987,eulp_mixed_3c
climate_3c,3C,2018-05-06 20:00:00,417.297053256,13.2888824719,404.008170784,eulp_mixed_3c
climate_3c,3C,2018-05-06 21:00:00,429.933387391,3.46557970397,426.467807687,eulp_mixed_3c
climate_3c,3C,2018-05-06 22:00:00,431.905510515,0,431.905510515,eulp_mixed_3c
climate_3c,3C,2018-05-06 23:00:00,396.543136501,0,396.543136501,eulp_mixed_3c
climate_3c,3C,2018-05-07 00:00:00,308.887681252,0,308.887681252,eulp_mixed_3c
climate_3c,3C,2018-05-07 01:00:00,237.533431057,0,237.533431057,eulp_mixed_3c
climate_3c,3C,2018-05-07 02:00:00,222.307745181,0,222.307745181,eulp_mixed_3c
climate_3c,3C,2018-05-07 03:00:00,215.777062086,0,215.777062086,eulp_mixed_3c
climate_3c,3C,2018-05-07 04:00:00,215.147377452,0,215.147377452,eulp_mixed_3c
climate_3c,3C,2018-05-07 05:00:00,221.128403332,0,221.128403332,eulp_mixed_3c
climate_3c,3C,2018-05-07 06:00:00,231.590923511,0,231.590923511,eulp_mixed_3c
climate_3c,3C,2018-05-07 07:00:00,254.945183506,0,254.945183506,eulp_mixed_3c
climate_3c,3C,2018-05-07 08:00:00,278.658192037,2.96275635361,275.695435684,eulp_mixed_3c
climate_3c,3C,2018-05-07 09:00:00,297.348070334,15.8797744511,281.468295883,eulp_mixed_3c
climate_3c,3C,2018-05-07 10:00:00,310.641316673,33.0262339393,277.615082734,eulp_mixed_3c
climate_3c,3C,2018-05-07 11:00:00,327.632332042,49.1370530579,278.495278984,eulp_mixed_3c
climate_3c,3C,2018-05-07 12:00:00,343.583116439,61.7930793551,281.790037084,eulp_mixed_3c
climate_3c,3C,2018-05-07 13:00:00,360.413777349,70.1127406971,290.301036652,eulp_mixed_3c
climate_3c,3C,2018-05-07 14:00:00,383.246760249,73.9892108655,309.257549384,eulp_mixed_3c
climate_3c,3C,2018-05-07 15:00:00,398.06005635,73.7784879513,324.281568399,eulp_mixed_3c
climate_3c,3C,2018-05-07 16:00:00,420.782117434,68.269301307,352.512816126,eulp_mixed_3c
climate_3c,3C,2018-05-07 17:00:00,461.194960605,60.2666249358,400.928335669,eulp_mixed_3c
climate_3c,3C,2018-05-07 18:00:00,499.523513177,47.695950002,451.827563175,eulp_mixed_3c
climate_3c,3C,2018-05-07 19:00:00,521.900366515,31.2092505372,490.691115978,eulp_mixed_3c
climate_3c,3C,2018-05-07 20:00:00,514.080324487,15.4897872696,498.590537217,eulp_mixed_3c
climate_3c,3C,2018-05-07 21:00:00,498.040899865,3.94921735254,494.091682512,eulp_mixed_3c
climate_3c,3C,2018-05-07 22:00:00,477.828616641,0,477.828616641,eulp_mixed_3c
climate_3c,3C,2018-05-07 23:00:00,427.547295358,0,427.547295358,eulp_mixed_3c
climate_3c,3C,2018-05-08 00:00:00,327.170483422,0,327.170483422,eulp_mixed_3c
climate_3c,3C,2018-05-08 01:00:00,251.961844215,0,251.961844215,eulp_mixed_3c
climate_3c,3C,2018-05-08 02:00:00,218.856685405,0,218.856685405,eulp_mixed_3c
climate_3c,3C,2018-05-08 03:00:00,209.391378227,0,209.391378227,eulp_mixed_3c
climate_3c,3C,2018-05-08 04:00:00,208.85365125,0,208.85365125,eulp_mixed_3c
climate_3c,3C,2018-05-08 05:00:00,210.467803598,0,210.467803598,eulp_mixed_3c
climate_3c,3C,2018-05-08 06:00:00,217.24447791,0,217.24447791,eulp_mixed_3c
climate_3c,3C,2018-05-08 07:00:00,238.258906696,0,238.258906696,eulp_mixed_3c
climate_3c,3C,2018-05-08 08:00:00,262.913665243,2.8828697105,260.030795532,eulp_mixed_3c
climate_3c,3C,2018-05-08 09:00:00,285.116696402,13.6664118651,271.450284537,eulp_mixed_3c
climate_3c,3C,2018-05-08 10:00:00,307.271910525,24.2978413956,282.97406913,eulp_mixed_3c
climate_3c,3C,2018-05-08 11:00:00,327.946039153,37.1656506368,290.780388516,eulp_mixed_3c
climate_3c,3C,2018-05-08 12:00:00,338.195439745,52.3396607037,285.855779041,eulp_mixed_3c
climate_3c,3C,2018-05-08 13:00:00,351.37804281,62.0222872055,289.355755605,eulp_mixed_3c
climate_3c,3C,2018-05-08 14:00:00,368.120169944,68.9087377188,299.211432226,eulp_mixed_3c
climate_3c,3C,2018-05-08 15:00:00,380.437888126,69.6286186947,310.809269431,eulp_mixed_3c
climate_3c,3C,2018-05-08 16:00:00,401.207177255,65.5788822155,335.628295039,eulp_mixed_3c
climate_3c,3C,2018-05-08 17:00:00,437.105002494,58.6954883664,378.409514127,eulp_mixed_3c
climate_3c,3C,2018-05-08 18:00:00,486.463361435,46.1575719904,440.305789445,eulp_mixed_3c
climate_3c,3C,2018-05-08 19:00:00,513.370396223,30.0554274613,483.314968761,eulp_mixed_3c
climate_3c,3C,2018-05-08 20:00:00,510.528838874,14.9951036855,495.533735189,eulp_mixed_3c
climate_3c,3C,2018-05-08 21:00:00,499.985345528,3.92991629413,496.055429234,eulp_mixed_3c
climate_3c,3C,2018-05-08 22:00:00,488.729772115,0,488.729772115,eulp_mixed_3c
climate_3c,3C,2018-05-08 23:00:00,436.953845669,0,436.953845669,eulp_mixed_3c
climate_3c,3C,2018-05-09 00:00:00,332.722202949,0,332.722202949,eulp_mixed_3c
climate_3c,3C,2018-05-09 01:00:00,259.639592637,0,259.639592637,eulp_mixed_3c
climate_3c,3C,2018-05-09 02:00:00,222.218616157,0,222.218616157,eulp_mixed_3c
climate_3c,3C,2018-05-09 03:00:00,212.03581178,0,212.03581178,eulp_mixed_3c
climate_3c,3C,2018-05-09 04:00:00,208.660322015,0,208.660322015,eulp_mixed_3c
climate_3c,3C,2018-05-09 05:00:00,210.193234257,0,210.193234257,eulp_mixed_3c
climate_3c,3C,2018-05-09 06:00:00,217.00986486,0,217.00986486,eulp_mixed_3c
climate_3c,3C,2018-05-09 07:00:00,236.166492267,0,236.166492267,eulp_mixed_3c
climate_3c,3C,2018-05-09 08:00:00,260.823520951,2.85941844601,257.964102505,eulp_mixed_3c
climate_3c,3C,2018-05-09 09:00:00,285.259472305,12.6239503707,272.635521934,eulp_mixed_3c
climate_3c,3C,2018-05-09 10:00:00,307.718526272,22.7867932578,284.931733014,eulp_mixed_3c
climate_3c,3C,2018-05-09 11:00:00,332.440034579,36.3400977831,296.099936795,eulp_mixed_3c
climate_3c,3C,2018-05-09 12:00:00,346.134609606,53.8985797529,292.236029853,eulp_mixed_3c
climate_3c,3C,2018-05-09 13:00:00,354.187846759,67.5615419917,286.626304768,eulp_mixed_3c
climate_3c,3C,2018-05-09 14:00:00,375.55578718,74.7281234401,300.82766374,eulp_mixed_3c
climate_3c,3C,2018-05-09 15:00:00,381.51591682,75.2721269785,306.243789841,eulp_mixed_3c
climate_3c,3C,2018-05-09 16:00:00,398.268829995,71.1684717659,327.100358229,eulp_mixed_3c
climate_3c,3C,2018-05-09 17:00:00,425.834332443,62.0284377009,363.805894743,eulp_mixed_3c
climate_3c,3C,2018-05-09 18:00:00,462.00037485,48.358667578,413.641707272,eulp_mixed_3c
climate_3c,3C,2018-05-09 19:00:00,484.87484441,31.6126360608,453.262208349,eulp_mixed_3c
climate_3c,3C,2018-05-09 20:00:00,482.194246104,15.7099881969,466.484257907,eulp_mixed_3c
climate_3c,3C,2018-05-09 21:00:00,475.187397581,4.26592767571,470.921469906,eulp_mixed_3c
climate_3c,3C,2018-05-09 22:00:00,466.490887401,0,466.490887401,eulp_mixed_3c
climate_3c,3C,2018-05-09 23:00:00,421.832659384,0,421.832659384,eulp_mixed_3c
climate_3c,3C,2018-05-10 00:00:00,322.094755563,0,322.094755563,eulp_mixed_3c
climate_3c,3C,2018-05-10 01:00:00,252.346727431,0,252.346727431,eulp_mixed_3c
climate_3c,3C,2018-05-10 02:00:00,223.069924437,0,223.069924437,eulp_mixed_3c
climate_3c,3C,2018-05-10 03:00:00,214.413644206,0,214.413644206,eulp_mixed_3c
climate_3c,3C,2018-05-10 04:00:00,210.568339403,0,210.568339403,eulp_mixed_3c
climate_3c,3C,2018-05-10 05:00:00,212.761790624,0,212.761790624,eulp_mixed_3c
climate_3c,3C,2018-05-10 06:00:00,221.69363124,0,221.69363124,eulp_mixed_3c
climate_3c,3C,2018-05-10 07:00:00,243.208849592,0,243.208849592,eulp_mixed_3c
climate_3c,3C,2018-05-10 08:00:00,268.718617817,2.98358160933,265.735036208,eulp_mixed_3c
climate_3c,3C,2018-05-10 09:00:00,289.497310408,14.6167175188,274.88059289,eulp_mixed_3c
climate_3c,3C,2018-05-10 10:00:00,308.182008191,30.6932844366,277.488723754,eulp_mixed_3c
climate_3c,3C,2018-05-10 11:00:00,333.611533897,46.5673954331,287.044138464,eulp_mixed_3c
climate_3c,3C,2018-05-10 12:00:00,338.988531014,57.9726595942,281.01587142,eulp_mixed_3c
climate_3c,3C,2018-05-10 13:00:00,352.134817577,65.4229866093,286.711830968,eulp_mixed_3c
climate_3c,3C,2018-05-10 14:00:00,372.705103491,70.6855417356,302.019561755,eulp_mixed_3c
climate_3c,3C,2018-05-10 15:00:00,385.608971608,72.5048508537,313.104120754,eulp_mixed_3c
climate_3c,3C,2018-05-10 16:00:00,406.666795457,68.6563283033,338.010467154,eulp_mixed_3c
climate_3c,3C,2018-05-10 17:00:00,436.296912416,60.4121062338,375.884806182,eulp_mixed_3c
climate_3c,3C,2018-05-10 18:00:00,478.521229526,47.3964819257,431.1247476,eulp_mixed_3c
climate_3c,3C,2018-05-10 19:00:00,499.051882735,30.9237533275,468.128129407,eulp_mixed_3c
climate_3c,3C,2018-05-10 20:00:00,498.161148322,15.6691376401,482.492010681,eulp_mixed_3c
climate_3c,3C,2018-05-10 21:00:00,491.931220646,4.39077582419,487.540444822,eulp_mixed_3c
climate_3c,3C,2018-05-10 22:00:00,473.278590778,0,473.278590778,eulp_mixed_3c
climate_3c,3C,2018-05-10 23:00:00,426.131625082,0,426.131625082,eulp_mixed_3c
climate_3c,3C,2018-05-11 00:00:00,333.834753723,0,333.834753723,eulp_mixed_3c
climate_3c,3C,2018-05-11 01:00:00,260.383010827,0,260.383010827,eulp_mixed_3c
climate_3c,3C,2018-05-11 02:00:00,224.723456424,0,224.723456424,eulp_mixed_3c
climate_3c,3C,2018-05-11 03:00:00,213.362869207,0,213.362869207,eulp_mixed_3c
climate_3c,3C,2018-05-11 04:00:00,209.872132748,0,209.872132748,eulp_mixed_3c
climate_3c,3C,2018-05-11 05:00:00,213.24005729,0,213.24005729,eulp_mixed_3c
climate_3c,3C,2018-05-11 06:00:00,221.985825593,0,221.985825593,eulp_mixed_3c
climate_3c,3C,2018-05-11 07:00:00,243.913082026,0,243.913082026,eulp_mixed_3c
climate_3c,3C,2018-05-11 08:00:00,266.393943137,2.47722346636,263.916719671,eulp_mixed_3c
climate_3c,3C,2018-05-11 09:00:00,288.73364431,11.2378297946,277.495814515,eulp_mixed_3c
climate_3c,3C,2018-05-11 10:00:00,308.658122996,22.917872244,285.740250752,eulp_mixed_3c
climate_3c,3C,2018-05-11 11:00:00,325.446168558,35.7685218572,289.677646701,eulp_mixed_3c
climate_3c,3C,2018-05-11 12:00:00,331.515370816,48.2923578792,283.223012937,eulp_mixed_3c
climate_3c,3C,2018-05-11 13:00:00,341.9112691,58.5231122017,283.388156898,eulp_mixed_3c
climate_3c,3C,2018-05-11 14:00:00,366.966996281,64.2873577938,302.679638487,eulp_mixed_3c
climate_3c,3C,2018-05-11 15:00:00,381.412304746,66.2023424539,315.209962292,eulp_mixed_3c
climate_3c,3C,2018-05-11 16:00:00,406.77728765,63.3503079318,343.426979718,eulp_mixed_3c
climate_3c,3C,2018-05-11 17:00:00,443.201750005,57.5689429758,385.632807029,eulp_mixed_3c
climate_3c,3C,2018-05-11 18:00:00,493.735573112,46.4764425597,447.259130552,eulp_mixed_3c
climate_3c,3C,2018-05-11 19:00:00,525.858983331,30.7200092649,495.138974066,eulp_mixed_3c
climate_3c,3C,2018-05-11 20:00:00,532.684592786,15.742756511,516.941836275,eulp_mixed_3c
climate_3c,3C,2018-05-11 21:00:00,523.561605927,4.42955929979,519.132046627,eulp_mixed_3c
climate_3c,3C,2018-05-11 22:00:00,506.468667274,0,506.468667274,eulp_mixed_3c
climate_3c,3C,2018-05-11 23:00:00,457.073645578,0,457.073645578,eulp_mixed_3c
climate_3c,3C,2018-05-12 00:00:00,350.81366907,0,350.81366907,eulp_mixed_3c
climate_3c,3C,2018-05-12 01:00:00,270.870550093,0,270.870550093,eulp_mixed_3c
climate_3c,3C,2018-05-12 02:00:00,215.497392416,0,215.497392416,eulp_mixed_3c
climate_3c,3C,2018-05-12 03:00:00,203.585866086,0,203.585866086,eulp_mixed_3c
climate_3c,3C,2018-05-12 04:00:00,196.058087634,0,196.058087634,eulp_mixed_3c
climate_3c,3C,2018-05-12 05:00:00,194.671614679,0,194.671614679,eulp_mixed_3c
climate_3c,3C,2018-05-12 06:00:00,194.34316303,0,194.34316303,eulp_mixed_3c
climate_3c,3C,2018-05-12 07:00:00,197.810792387,0,197.810792387,eulp_mixed_3c
climate_3c,3C,2018-05-12 08:00:00,209.053002956,2.93312942873,206.119873527,eulp_mixed_3c
climate_3c,3C,2018-05-12 09:00:00,240.525015618,13.4260260051,227.098989613,eulp_mixed_3c
climate_3c,3C,2018-05-12 10:00:00,283.780336079,26.4240470058,257.356289073,eulp_mixed_3c
climate_3c,3C,2018-05-12 11:00:00,323.180402098,40.7130731762,282.467328922,eulp_mixed_3c
climate_3c,3C,2018-05-12 12:00:00,341.2443172,52.4667543188,288.777562881,eulp_mixed_3c
climate_3c,3C,2018-05-12 13:00:00,355.974638596,60.9749479484,294.999690647,eulp_mixed_3c
climate_3c,3C,2018-05-12 14:00:00,376.180932729,67.1456749084,309.035257821,eulp_mixed_3c
climate_3c,3C,2018-05-12 15:00:00,389.624100709,69.0482929164,320.575807793,eulp_mixed_3c
climate_3c,3C,2018-05-12 16:00:00,405.066062703,67.953529989,337.112532714,eulp_mixed_3c
climate_3c,3C,2018-05-12 17:00:00,429.496026679,60.6366823195,368.85934436,eulp_mixed_3c
climate_3c,3C,2018-05-12 18:00:00,470.793227174,47.2082489862,423.584978188,eulp_mixed_3c
climate_3c,3C,2018-05-12 19:00:00,494.365274205,30.9986464021,463.366627803,eulp_mixed_3c
climate_3c,3C,2018-05-12 20:00:00,488.026724071,15.8804529011,472.146271169,eulp_mixed_3c
climate_3c,3C,2018-05-12 21:00:00,482.914217695,4.64356517796,478.270652517,eulp_mixed_3c
climate_3c,3C,2018-05-12 22:00:00,469.418692381,0,469.418692381,eulp_mixed_3c
climate_3c,3C,2018-05-12 23:00:00,421.145702031,0,421.145702031,eulp_mixed_3c
climate_3c,3C,2018-05-13 00:00:00,321.59867149,0,321.59867149,eulp_mixed_3c
climate_3c,3C,2018-05-13 01:00:00,243.996381716,0,243.996381716,eulp_mixed_3c
climate_3c,3C,2018-05-13 02:00:00,207.731536544,0,207.731536544,eulp_mixed_3c
climate_3c,3C,2018-05-13 03:00:00,196.453660118,0,196.453660118,eulp_mixed_3c
climate_3c,3C,2018-05-13 04:00:00,193.195138255,0,193.195138255,eulp_mixed_3c
climate_3c,3C,2018-05-13 05:00:00,192.941497841,0,192.941497841,eulp_mixed_3c
climate_3c,3C,2018-05-13 06:00:00,194.074438833,0,194.074438833,eulp_mixed_3c
climate_3c,3C,2018-05-13 07:00:00,203.059158992,0,203.059158992,eulp_mixed_3c
climate_3c,3C,2018-05-13 08:00:00,210.960542226,2.16672841726,208.793813809,eulp_mixed_3c
climate_3c,3C,2018-05-13 09:00:00,232.9158495,9.67196998972,223.24387951,eulp_mixed_3c
climate_3c,3C,2018-05-13 10:00:00,268.351997958,19.1047834907,249.247214468,eulp_mixed_3c
climate_3c,3C,2018-05-13 11:00:00,293.474704042,28.9268321637,264.547871878,eulp_mixed_3c
climate_3c,3C,2018-05-13 12:00:00,299.309658368,37.8334586784,261.47619969,eulp_mixed_3c
climate_3c,3C,2018-05-13 13:00:00,295.710879266,48.6995145999,247.011364666,eulp_mixed_3c
climate_3c,3C,2018-05-13 14:00:00,303.799132166,57.4922500962,246.30688207,eulp_mixed_3c
climate_3c,3C,2018-05-13 15:00:00,308.270143179,62.5322709909,245.737872188,eulp_mixed_3c
climate_3c,3C,2018-05-13 16:00:00,328.076920667,60.5239533848,267.552967282,eulp_mixed_3c
climate_3c,3C,2018-05-13 17:00:00,361.200832696,56.7677324,304.433100296,eulp_mixed_3c
climate_3c,3C,2018-05-13 18:00:00,398.504781516,46.3149929863,352.18978853,eulp_mixed_3c
climate_3c,3C,2018-05-13 19:00:00,427.907010202,31.2987827075,396.608227495,eulp_mixed_3c
climate_3c,3C,2018-05-13 20:00:00,431.872585204,16.0484486421,415.824136562,eulp_mixed_3c
climate_3c,3C,2018-05-13 21:00:00,438.182368405,4.75651835271,433.425850053,eulp_mixed_3c
climate_3c,3C,2018-05-13 22:00:00,438.248547873,0,438.248547873,eulp_mixed_3c
climate_3c,3C,2018-05-13 23:00:00,401.46309719,0,401.46309719,eulp_mixed_3c
climate_3c,3C,2018-05-14 00:00:00,308.977552357,0,308.977552357,eulp_mixed_3c
climate_3c,3C,2018-05-14 01:00:00,240.072480363,0,240.072480363,eulp_mixed_3c
climate_3c,3C,2018-05-14 02:00:00,224.102902828,0,224.102902828,eulp_mixed_3c
climate_3c,3C,2018-05-14 03:00:00,215.616035986,0,215.616035986,eulp_mixed_3c
climate_3c,3C,2018-05-14 04:00:00,215.924225969,0,215.924225969,eulp_mixed_3c
climate_3c,3C,2018-05-14 05:00:00,219.41123026,0,219.41123026,eulp_mixed_3c
climate_3c,3C,2018-05-14 06:00:00,228.752058898,0,228.752058898,eulp_mixed_3c
climate_3c,3C,2018-05-14 07:00:00,247.923933472,0,247.923933472,eulp_mixed_3c
climate_3c,3C,2018-05-14 08:00:00,272.480443174,1.47299338814,271.007449786,eulp_mixed_3c
climate_3c,3C,2018-05-14 09:00:00,295.886343468,6.84930183738,289.037041631,eulp_mixed_3c
climate_3c,3C,2018-05-14 10:00:00,312.181323524,14.479180017,297.702143508,eulp_mixed_3c
climate_3c,3C,2018-05-14 11:00:00,325.72681085,23.6471894202,302.07962143,eulp_mixed_3c
climate_3c,3C,2018-05-14 12:00:00,330.723924164,36.8181990645,293.905725099,eulp_mixed_3c
climate_3c,3C,2018-05-14 13:00:00,330.493691911,51.4287846714,279.06490724,eulp_mixed_3c
climate_3c,3C,2018-05-14 14:00:00,343.098811264,64.1890672538,278.90974401,eulp_mixed_3c
climate_3c,3C,2018-05-14 15:00:00,337.728874191,71.4427249175,266.286149274,eulp_mixed_3c
climate_3c,3C,2018-05-14 16:00:00,343.563251881,69.0623907697,274.500861111,eulp_mixed_3c
climate_3c,3C,2018-05-14 17:00:00,364.421700451,61.5413979454,302.880302506,eulp_mixed_3c
climate_3c,3C,2018-05-14 18:00:00,401.914873272,48.2547567897,353.660116482,eulp_mixed_3c
climate_3c,3C,2018-05-14 19:00:00,427.056831788,31.7906211688,395.266210619,eulp_mixed_3c
climate_3c,3C,2018-05-14 20:00:00,431.667302853,16.2273050031,415.43999785,eulp_mixed_3c
climate_3c,3C,2018-05-14 21:00:00,435.09034121,4.96328855625,430.127052654,eulp_mixed_3c
climate_3c,3C,2018-05-14 22:00:00,438.911858891,0,438.911858891,eulp_mixed_3c
climate_3c,3C,2018-05-14 23:00:00,406.345434444,0,406.345434444,eulp_mixed_3c
climate_3c,3C,2018-05-15 00:00:00,317.461787724,0,317.461787724,eulp_mixed_3c
climate_3c,3C,2018-05-15 01:00:00,251.665867191,0,251.665867191,eulp_mixed_3c
climate_3c,3C,2018-05-15 02:00:00,220.238057882,0,220.238057882,eulp_mixed_3c
climate_3c,3C,2018-05-15 03:00:00,212.376480409,0,212.376480409,eulp_mixed_3c
climate_3c,3C,2018-05-15 04:00:00,211.243551528,0,211.243551528,eulp_mixed_3c
climate_3c,3C,2018-05-15 05:00:00,214.052857204,0,214.052857204,eulp_mixed_3c
climate_5a,5A,2018-05-06 00:00:00,157.219569529,0,157.219569529,eulp_mixed_5a
climate_5a,5A,2018-05-06 01:00:00,149.893350199,0,149.893350199,eulp_mixed_5a
climate_5a,5A,2018-05-06 02:00:00,147.555216309,0,147.555216309,eulp_mixed_5a
climate_5a,5A,2018-05-06 03:00:00,147.331768763,0,147.331768763,eulp_mixed_5a
climate_5a,5A,2018-05-06 04:00:00,153.869725943,0.00433154345123,153.8653944,eulp_mixed_5a
climate_5a,5A,2018-05-06 05:00:00,167.569391875,0.0864650564638,167.482926819,eulp_mixed_5a
climate_5a,5A,2018-05-06 06:00:00,192.189096084,0.271707962405,191.917388122,eulp_mixed_5a
climate_5a,5A,2018-05-06 07:00:00,222.859028221,0.552068033706,222.306960187,eulp_mixed_5a
climate_5a,5A,2018-05-06 08:00:00,244.606622109,0.974519480568,243.632102628,eulp_mixed_5a
climate_5a,5A,2018-05-06 09:00:00,251.167422795,1.47550225883,249.691920536,eulp_mixed_5a
climate_5a,5A,2018-05-06 10:00:00,253.098937592,1.97517100277,251.123766589,eulp_mixed_5a
climate_5a,5A,2018-05-06 11:00:00,261.746104209,2.16306099476,259.583043214,eulp_mixed_5a
climate_5a,5A,2018-05-06 12:00:00,268.975598089,2.16560152903,266.80999656,eulp_mixed_5a
climate_5a,5A,2018-05-06 13:00:00,279.557583979,1.91386952764,277.643714451,eulp_mixed_5a
climate_5a,5A,2018-05-06 14:00:00,293.173677668,1.70732001983,291.466357648,eulp_mixed_5a
climate_5a,5A,2018-05-06 15:00:00,313.713319745,1.3446988285,312.368620917,eulp_mixed_5a
climate_5a,5A,2018-05-06 16:00:00,330.137603415,0.864988570601,329.272614845,eulp_mixed_5a
climate_5a,5A,2018-05-06 17:00:00,335.606815194,0.470030501391,335.136784692,eulp_mixed_5a
climate_5a,5A,2018-05-06 18:00:00,341.524665609,0.171700039372,341.35296557,eulp_mixed_5a
climate_5a,5A,2018-05-06 19:00:00,345.27048785,0.0204061527814,345.250081697,eulp_mixed_5a
climate_5a,5A,2018-05-06 20:00:00,325.663460718,0,325.663460718,eulp_mixed_5a
climate_5a,5A,2018-05-06 21:00:00,266.649759436,0,266.649759436,eulp_mixed_5a
climate_5a,5A,2018-05-06 22:00:00,202.742105345,0,202.742105345,eulp_mixed_5a
climate_5a,5A,2018-05-06 23:00:00,172.960719927,0,172.960719927,eulp_mixed_5a
climate_5a,5A,2018-05-07 00:00:00,159.491911467,0,159.491911467,eulp_mixed_5a
climate_5a,5A,2018-05-07 01:00:00,155.469809329,0,155.469809329,eulp_mixed_5a
climate_5a,5A,2018-05-07 02:00:00,155.449201636,0,155.449201636,eulp_mixed_5a
climate_5a,5A,2018-05-07 03:00:00,163.605110332,0,163.605110332,eulp_mixed_5a
climate_5a,5A,2018-05-07 04:00:00,184.226568281,0.0293301257622,184.197238155,eulp_mixed_5a
climate_5a,5A,2018-05-07 05:00:00,221.277274932,0.39554532846,220.881729604,eulp_mixed_5a
climate_5a,5A,2018-05-07 06:00:00,253.686604798,1.34546182945,252.341142969,eulp_mixed_5a
climate_5a,5A,2018-05-07 07:00:00,275.44107224,2.64867757476,272.792394665,eulp_mixed_5a
climate_5a,5A,2018-05-07 08:00:00,289.708715593,3.98017996064,285.728535632,eulp_mixed_5a
climate_5a,5A,2018-05-07 09:00:00,299.067278414,5.17996623115,293.887312183,eulp_mixed_5a
climate_5a,5A,2018-05-07 10:00:00,307.068118184,5.79166410813,301.276454076,eulp_mixed_5a
climate_5a,5A,2018-05-07 11:00:00,317.574102827,6.04748386302,311.526618964,eulp_mixed_5a
climate_5a,5A,2018-05-07 12:00:00,322.253955272,5.93415056347,316.319804708,eulp_mixed_5a
climate_5a,5A,2018-05-07 13:00:00,327.08353463,5.48899488905,321.594539741,eulp_mixed_5a
climate_5a,5A,2018-05-07 14:00:00,333.569666663,4.68293957042,328.886727093,eulp_mixed_5a
climate_5a,5A,2018-05-07 15:00:00,346.87947815,3.59581113289,343.283667017,eulp_mixed_5a
climate_5a,5A,2018-05-07 16:00:00,368.234637655,2.47338874635,365.761248909,eulp_mixed_5a
climate_5a,5A,2018-05-07 17:00:00,379.738090404,1.32536693301,378.412723471,eulp_mixed_5a
climate_5a,5A,2018-05-07 18:00:00,384.664958641,0.381641131263,384.28331751,eulp_mixed_5a
climate_5a,5A,2018-05-07 19:00:00,380.422532328,0.0257519844212,380.396780344,eulp_mixed_5a
climate_5a,5A,2018-05-07 20:00:00,353.936736667,0,353.936736667,eulp_mixed_5a
climate_5a,5A,2018-05-07 21:00:00,286.46162955,0,286.46162955,eulp_mixed_5a
climate_5a,5A,2018-05-07 22:00:00,217.077272407,0,217.077272407,eulp_mixed_5a
climate_5a,5A,2018-05-07 23:00:00,177.262168538,0,177.262168538,eulp_mixed_5a
climate_5a,5A,2018-05-08 00:00:00,164.157428653,0,164.157428653,eulp_mixed_5a
climate_5a,5A,2018-05-08 01:00:00,159.060284839,0,159.060284839,eulp_mixed_5a
climate_5a,5A,2018-05-08 02:00:00,159.121155373,0,159.121155373,eulp_mixed_5a
climate_5a,5A,2018-05-08 03:00:00,166.637431109,0,166.637431109,eulp_mixed_5a
climate_5a,5A,2018-05-08 04:00:00,185.689868991,0.0421461486264,185.647722842,eulp_mixed_5a
climate_5a,5A,2018-05-08 05:00:00,221.027779359,0.517426584687,220.510352774,eulp_mixed_5a
climate_5a,5A,2018-05-08 06:00:00,252.600927425,1.67886202508,250.9220654,eulp_mixed_5a
climate_5a,5A,2018-05-08 07:00:00,275.987793664,3.24567585033,272.742117813,eulp_mixed_5a
climate_5a,5A,2018-05-08 08:00:00,296.65034301,4.82621605771,291.824126952,eulp_mixed_5a
climate_5a,5A,2018-05-08 09:00:00,313.614812275,6.04376990302,307.571042372,eulp_mixed_5a
climate_5a,5A,2018-05-08 10:00:00,328.925416265,6.85669549201,322.068720773,eulp_mixed_5a
climate_5a,5A,2018-05-08 11:00:00,345.539299964,7.10464579638,338.434654167,eulp_mixed_5a
climate_5a,5A,2018-05-08 12:00:00,356.73648594,6.90660706448,349.829878875,eulp_mixed_5a
climate_5a,5A,2018-05-08 13:00:00,368.232069149,6.28465232355,361.947416825,eulp_mixed_5a
climate_5a,5A,2018-05-08 14:00:00,380.636413035,5.47665071042,375.159762325,eulp_mixed_5a
climate_5a,5A,2018-05-08 15:00:00,399.896432385,4.3351699386,395.561262447,eulp_mixed_5a
climate_5a,5A,2018-05-08 16:00:00,423.21982857,2.91717948336,420.302649087,eulp_mixed_5a
climate_5a,5A,2018-05-08 17:00:00,433.699662485,1.48622634665,432.213436138,eulp_mixed_5a
climate_5a,5A,2018-05-08 18:00:00,433.117770729,0.42757823969,432.690192489,eulp_mixed_5a
climate_5a,5A,2018-05-08 19:00:00,421.212075799,0.0255266740133,421.186549125,eulp_mixed_5a
climate_5a,5A,2018-05-08 20:00:00,388.763261485,0,388.763261485,eulp_mixed_5a
climate_5a,5A,2018-05-08 21:00:00,315.635439231,0,315.635439231,eulp_mixed_5a
climate_5a,5A,2018-05-08 22:00:00,239.742180105,0,239.742180105,eulp_mixed_5a
climate_5a,5A,2018-05-08 23:00:00,191.376272178,0,191.376272178,eulp_mixed_5a
climate_5a,5A,2018-05-09 00:00:00,170.244317677,0,170.244317677,eulp_mixed_5a
climate_5a,5A,2018-05-09 01:00:00,160.651387594,0,160.651387594,eulp_mixed_5a
climate_5a,5A,2018-05-09 02:00:00,157.715917566,0,157.715917566,eulp_mixed_5a
climate_5a,5A,2018-05-09 03:00:00,162.614920331,0,162.614920331,eulp_mixed_5a
climate_5a,5A,2018-05-09 04:00:00,179.715289032,0.041215803394,179.674073228,eulp_mixed_5a
climate_5a,5A,2018-05-09 05:00:00,213.527968571,0.523059885351,213.004908686,eulp_mixed_5a
climate_5a,5A,2018-05-09 06:00:00,249.352663476,1.72523615714,247.627427319,eulp_mixed_5a
climate_5a,5A,2018-05-09 07:00:00,278.328810952,3.26480325885,275.064007693,eulp_mixed_5a
climate_5a,5A,2018-05-09 08:00:00,304.105398097,4.68886096691,299.41653713,eulp_mixed_5a
climate_5a,5A,2018-05-09 09:00:00,324.726564335,5.79098725245,318.935577082,eulp_mixed_5a
climate_5a,5A,2018-05-09 10:00:00,343.673181081,6.55844610553,337.114734976,eulp_mixed_5a
climate_5a,5A,2018-05-09 11:00:00,364.89491973,6.89329920512,358.001620525,eulp_mixed_5a
climate_5a,5A,2018-05-09 12:00:00,382.287780294,6.74018535417,375.54759494,eulp_mixed_5a
climate_5a,5A,2018-05-09 13:00:00,395.576825125,6.14407378217,389.432751343,eulp_mixed_5a
climate_5a,5A,2018-05-09 14:00:00,403.86755687,5.02680560328,398.840751267,eulp_mixed_5a
climate_5a,5A,2018-05-09 15:00:00,417.972716066,3.95594208594,414.01677398,eulp_mixed_5a
climate_5a,5A,2018-05-09 16:00:00,436.197212222,2.66382128939,433.533390932,eulp_mixed_5a
climate_5a,5A,2018-05-09 17:00:00,439.909391144,1.34935758766,438.560033556,eulp_mixed_5a
climate_5a,5A,2018-05-09 18:00:00,436.655351663,0.388194933015,436.26715673,eulp_mixed_5a
climate_5a,5A,2018-05-09 19:00:00,426.601603161,0.0223459215259,426.57925724,eulp_mixed_5a
climate_5a,5A,2018-05-09 20:00:00,396.961941027,0.00011189721924,396.96182913,eulp_mixed_5a
climate_5a,5A,2018-05-09 21:00:00,326.588860729,0,326.588860729,eulp_mixed_5a
climate_5a,5A,2018-05-09 22:00:00,250.861449729,0,250.861449729,eulp_mixed_5a
climate_5a,5A,2018-05-09 23:00:00,206.21946017,0,206.21946017,eulp_mixed_5a
climate_5a,5A,2018-05-10 00:00:00,186.968192512,0,186.968192512,eulp_mixed_5a
climate_5a,5A,2018-05-10 01:00:00,175.566889645,0,175.566889645,eulp_mixed_5a
climate_5a,5A,2018-05-10 02:00:00,169.97552743,0,169.97552743,eulp_mixed_5a
climate_5a,5A,2018-05-10 03:00:00,170.704877385,0,170.704877385,eulp_mixed_5a
climate_5a,5A,2018-05-10 04:00:00,184.581598492,0.0318563494431,184.549742143,eulp_mixed_5a
climate_5a,5A,2018-05-10 05:00:00,216.991028326,0.385696469163,216.605331857,eulp_mixed_5a
climate_5a,5A,2018-05-10 06:00:00,254.60997322,1.05599175916,253.553981461,eulp_mixed_5a
climate_5a,5A,2018-05-10 07:00:00,284.107586996,1.75692089517,282.350666101,eulp_mixed_5a
climate_5a,5A,2018-05-10 08:00:00,307.109595543,3.13254335404,303.977052189,eulp_mixed_5a
climate_5a,5A,2018-05-10 09:00:00,322.026785843,4.66469137458,317.362094469,eulp_mixed_5a
climate_5a,5A,2018-05-10 10:00:00,333.626435457,5.40099655073,328.225438906,eulp_mixed_5a
climate_5a,5A,2018-05-10 11:00:00,346.692761225,5.42695099235,341.265810232,eulp_mixed_5a
climate_5a,5A,2018-05-10 12:00:00,354.797294614,4.97667101211,349.820623602,eulp_mixed_5a
climate_5a,5A,2018-05-10 13:00:00,358.994955162,4.34376001714,354.651195145,eulp_mixed_5a
climate_5a,5A,2018-05-10 14:00:00,364.835750813,3.80160762075,361.034143192,eulp_mixed_5a
climate_5a,5A,2018-05-10 15:00:00,377.121104011,3.02649035864,374.094613652,eulp_mixed_5a
climate_5a,5A,2018-05-10 16:00:00,396.352087431,2.18132642582,394.170761005,eulp_mixed_5a
climate_5a,5A,2018-05-10 17:00:00,404.658473975,1.12696241299,403.531511562,eulp_mixed_5a
climate_5a,5A,2018-05-10 18:00:00,407.761942329,0.332590884919,407.429351444,eulp_mixed_5a
climate_5a,5A,2018-05-10 19:00:00,401.983171869,0.0244313949183,401.958740474,eulp_mixed_5a
climate_5a,5A,2018-05-10 20:00:00,375.371897959,0.000160726512026,375.371737232,eulp_mixed_5a
climate_5a,5A,2018-05-10 21:00:00,306.143725562,0,306.143725562,eulp_mixed_5a
climate_5a,5A,2018-05-10 22:00:00,232.021876458,0,232.021876458,eulp_mixed_5a
climate_5a,5A,2018-05-10 23:00:00,185.056875343,0,185.056875343,eulp_mixed_5a
climate_5a,5A,2018-05-11 00:00:00,165.691354297,0,165.691354297,eulp_mixed_5a
climate_5a,5A,2018-05-11 01:00:00,158.812025243,0,158.812025243,eulp_mixed_5a
climate_5a,5A,2018-05-11 02:00:00,157.853604655,0,157.853604655,eulp_mixed_5a
climate_5a,5A,2018-05-11 03:00:00,163.677452504,0,163.677452504,eulp_mixed_5a
climate_5a,5A,2018-05-11 04:00:00,182.052183331,0.0502276130313,182.001955718,eulp_mixed_5a
climate_5a,5A,2018-05-11 05:00:00,216.681039521,0.551710255078,216.129329266,eulp_mixed_5a
climate_5a,5A,2018-05-11 06:00:00,255.016325107,1.57563056504,253.440694542,eulp_mixed_5a
climate_5a,5A,2018-05-11 07:00:00,282.212580642,2.72805678674,279.484523855,eulp_mixed_5a
climate_5a,5A,2018-05-11 08:00:00,299.8948512,3.73067611918,296.16417508,eulp_mixed_5a
climate_5a,5A,2018-05-11 09:00:00,308.212596785,4.91005318444,303.3025436,eulp_mixed_5a
climate_5a,5A,2018-05-11 10:00:00,314.382113982,6.11507219349,308.267041788,eulp_mixed_5a
climate_5a,5A,2018-05-11 11:00:00,322.659886655,6.7281051575,315.931781498,eulp_mixed_5a
climate_5a,5A,2018-05-11 12:00:00,325.539569887,6.59378315804,318.945786728,eulp_mixed_5a
climate_5a,5A,2018-05-11 13:00:00,327.106364624,5.97377985646,321.132584767,eulp_mixed_5a
climate_5a,5A,2018-05-11 14:00:00,330.314460184,5.01882633091,325.295633853,eulp_mixed_5a
climate_5a,5A,2018-05-11 15:00:00,337.599223105,3.7634268586,333.835796247,eulp_mixed_5a
climate_5a,5A,2018-05-11 16:00:00,347.92095991,2.39926229664,345.521697613,eulp_mixed_5a
climate_5a,5A,2018-05-11 17:00:00,349.557025533,1.12507835053,348.431947182,eulp_mixed_5a
climate_5a,5A,2018-05-11 18:00:00,356.31047818,0.30848744088,356.00199074,eulp_mixed_5a
climate_5a,5A,2018-05-11 19:00:00,361.963970092,0.0189761003731,361.944993992,eulp_mixed_5a
climate_5a,5A,2018-05-11 20:00:00,346.547639282,2.1188101707e-05,346.547618094,eulp_mixed_5a
climate_5a,5A,2018-05-11 21:00:00,288.752384635,0,288.752384635,eulp_mixed_5a
climate_5a,5A,2018-05-11 22:00:00,224.277975976,0,224.277975976,eulp_mixed_5a
climate_5a,5A,2018-05-11 23:00:00,185.031516909,0,185.031516909,eulp_mixed_5a
climate_5a,5A,2018-05-12 00:00:00,173.269709306,0,173.269709306,eulp_mixed_5a
climate_5a,5A,2018-05-12 01:00:00,169.140840127,0,169.140840127,eulp_mixed_5a
climate_5a,5A,2018-05-12 02:00:00,169.152083203,0,169.152083203,eulp_mixed_5a
climate_5a,5A,2018-05-12 03:00:00,170.711275162,0,170.711275162,eulp_mixed_5a
climate_5a,5A,2018-05-12 04:00:00,176.642985316,0.0096199482082,176.633365368,eulp_mixed_5a
climate_5a,5A,2018-05-12 05:00:00,189.676087424,0.15058240968,189.525505014,eulp_mixed_5a
climate_5a,5A,2018-05-12 06:00:00,216.130926279,0.43790954233,215.693016737,eulp_mixed_5a
climate_5a,5A,2018-05-12 07:00:00,251.370895359,0.624543636733,250.746351722,eulp_mixed_5a
climate_5a,5A,2018-05-12 08:00:00,277.709139839,0.897680514742,276.811459324,eulp_mixed_5a
climate_5a,5A,2018-05-12 09:00:00,291.879427527,1.23096913929,290.648458388,eulp_mixed_5a
climate_5a,5A,2018-05-12 10:00:00,296.711337639,1.47874426171,295.232593378,eulp_mixed_5a
climate_5a,5A,2018-05-12 11:00:00,305.268357098,1.55579955794,303.71255754,eulp_mixed_5a
climate_5a,5A,2018-05-12 12:00:00,305.280533393,1.48479423815,303.795739155,eulp_mixed_5a
climate_5a,5A,2018-05-12 13:00:00,305.763290743,1.35206491777,304.411225825,eulp_mixed_5a
climate_5a,5A,2018-05-12 14:00:00,308.098834778,1.16673840606,306.932096372,eulp_mixed_5a
climate_5a,5A,2018-05-12 15:00:00,314.506343849,0.98903306499,313.517310784,eulp_mixed_5a
climate_5a,5A,2018-05-12 16:00:00,315.778578102,0.658870962156,315.119707139,eulp_mixed_5a
climate_5a,5A,2018-05-12 17:00:00,318.135440381,0.367110090386,317.76833029,eulp_mixed_5a
climate_5a,5A,2018-05-12 18:00:00,327.333383369,0.131905356114,327.201478013,eulp_mixed_5a
climate_5a,5A,2018-05-12 19:00:00,339.321232169,0.0190520703028,339.302180099,eulp_mixed_5a
climate_5a,5A,2018-05-12 20:00:00,331.128479131,0.000151895953186,331.128327235,eulp_mixed_5a
climate_5a,5A,2018-05-12 21:00:00,277.880386229,0,277.880386229,eulp_mixed_5a
climate_5a,5A,2018-05-12 22:00:00,218.809826475,0,218.809826475,eulp_mixed_5a
climate_5a,5A,2018-05-12 23:00:00,179.224111733,0,179.224111733,eulp_mixed_5a
climate_5a,5A,2018-05-13 00:00:00,165.540064367,0,165.540064367,eulp_mixed_5a
climate_5a,5A,2018-05-13 01:00:00,162.63208122,0,162.63208122,eulp_mixed_5a
climate_5a,5A,2018-05-13 02:00:00,163.952994056,0,163.952994056,eulp_mixed_5a
climate_5a,5A,2018-05-13 03:00:00,166.43996784,0,166.43996784,eulp_mixed_5a
climate_5a,5A,2018-05-13 04:00:00,174.054766449,0.0135047587096,174.041261691,eulp_mixed_5a
climate_5a,5A,2018-05-13 05:00:00,187.907826439,0.17534685299,187.732479586,eulp_mixed_5a
climate_5a,5A,2018-05-13 06:00:00,213.074758708,0.54527915477,212.529479553,eulp_mixed_5a
climate_5a,5A,2018-05-13 07:00:00,244.398846717,1.11539156617,243.283455151,eulp_mixed_5a
climate_5a,5A,2018-05-13 08:00:00,265.103613148,1.82784840434,263.275764743,eulp_mixed_5a
climate_5a,5A,2018-05-13 09:00:00,268.349621444,2.40773354986,265.941887894,eulp_mixed_5a
climate_5a,5A,2018-05-13 10:00:00,264.269128656,2.87437146907,261.394757187,eulp_mixed_5a
climate_5a,5A,2018-05-13 11:00:00,265.367869837,3.46213450267,261.905735334,eulp_mixed_5a
climate_5a,5A,2018-05-13 12:00:00,266.944463026,3.83356896617,263.11089406,eulp_mixed_5a
climate_5a,5A,2018-05-13 13:00:00,274.286185692,3.77570466873,270.510481023,eulp_mixed_5a
climate_5a,5A,2018-05-13 14:00:00,287.37212119,3.22018576176,284.151935428,eulp_mixed_5a
climate_5a,5A,2018-05-13 15:00:00,306.195696377,2.571414859,303.624281518,eulp_mixed_5a
climate_5a,5A,2018-05-13 16:00:00,321.999196905,1.80444439567,320.194752509,eulp_mixed_5a
climate_5a,5A,2018-05-13 17:00:00,330.975772139,0.921247172508,330.054524967,eulp_mixed_5a
climate_5a,5A,2018-05-13 18:00:00,340.613036393,0.26914434219,340.343892051,eulp_mixed_5a
climate_5a,5A,2018-05-13 19:00:00,348.04942731,0.0178372184678,348.031590092,eulp_mixed_5a
climate_5a,5A,2018-05-13 20:00:00,334.239403638,0.000180582193795,334.239223056,eulp_mixed_5a
climate_5a,5A,2018-05-13 21:00:00,276.430410312,0,276.430410312,eulp_mixed_5a
climate_5a,5A,2018-05-13 22:00:00,214.936993559,0,214.936993559,eulp_mixed_5a
climate_5a,5A,2018-05-13 23:00:00,186.76256169,0,186.76256169,eulp_mixed_5a
climate_5a,5A,2018-05-14 00:00:00,172.68064066,0,172.68064066,eulp_mixed_5a
climate_5a,5A,2018-05-14 01:00:00,166.979189886,0,166.979189886,eulp_mixed_5a
climate_5a,5A,2018-05-14 02:00:00,165.444165331,0,165.444165331,eulp_mixed_5a
climate_5a,5A,2018-05-14 03:00:00,169.969736492,0,169.969736492,eulp_mixed_5a
climate_5a,5A,2018-05-14 04:00:00,187.549575735,0.0183876147256,187.53118812,eulp_mixed_5a
climate_5a,5A,2018-05-14 05:00:00,221.876557295,0.23966101707,221.636896278,eulp_mixed_5a
climate_5a,5A,2018-05-14 06:00:00,258.746433497,0.745926008753,258.000507489,eulp_mixed_5a
climate_5a,5A,2018-05-14 07:00:00,287.179962568,1.37532575572,285.804636813,eulp_mixed_5a
climate_5a,5A,2018-05-14 08:00:00,307.236429175,2.32811439264,304.908314782,eulp_mixed_5a
climate_5a,5A,2018-05-14 09:00:00,320.383201675,3.01558097412,317.367620701,eulp_mixed_5a
climate_5a,5A,2018-05-14 10:00:00,327.841756728,3.92900722227,323.912749506,eulp_mixed_5a
climate_5a,5A,2018-05-14 11:00:00,335.760218164,5.16895713956,330.591261025,eulp_mixed_5a
climate_5a,5A,2018-05-14 12:00:00,336.207490076,6.19896350572,330.00852657,eulp_mixed_5a
climate_5a,5A,2018-05-14 13:00:00,341.558017508,6.17849217133,335.379525336,eulp_mixed_5a
climate_5a,5A,2018-05-14 14:00:00,351.161680627,5.37499769882,345.786682928,eulp_mixed_5a
climate_5a,5A,2018-05-14 15:00:00,370.12645882,4.11647675703,366.009982063,eulp_mixed_5a
climate_5a,5A,2018-05-14 16:00:00,394.680363399,2.72177650651,391.958586892,eulp_mixed_5a
climate_5a,5A,2018-05-14 17:00:00,405.036349482,1.35137155743,403.684977925,eulp_mixed_5a
climate_5a,5A,2018-05-14 18:00:00,407.282739014,0.400214145794,406.882524868,eulp_mixed_5a
climate_5a,5A,2018-05-14 19:00:00,404.338032177,0.0218247898201,404.316207387,eulp_mixed_5a
climate_5a,5A,2018-05-14 20:00:00,381.232310814,6.92074982912e-05,381.232241606,eulp_mixed_5a
climate_5a,5A,2018-05-14 21:00:00,314.223183853,0,314.223183853,eulp_mixed_5a
climate_5a,5A,2018-05-14 22:00:00,243.402651065,0,243.402651065,eulp_mixed_5a
climate_5a,5A,2018-05-14 23:00:00,200.418403618,0,200.418403618,eulp_mixed_5a
climate_5a,5A,2018-05-15 00:00:00,182.400093996,0,182.400093996,eulp_mixed_5a
climate_5a,5A,2018-05-15 01:00:00,173.254482187,0,173.254482187,eulp_mixed_5a
climate_5a,5A,2018-05-15 02:00:00,169.656758176,0,169.656758176,eulp_mixed_5a
climate_5a,5A,2018-05-15 03:00:00,172.259698546,0,172.259698546,eulp_mixed_5a
climate_5a,5A,2018-05-15 04:00:00,186.772547628,0.0462971024238,186.726250525,eulp_mixed_5a
climate_5a,5A,2018-05-15 05:00:00,220.171246252,0.451619291176,219.719626961,eulp_mixed_5a
reference_3a,3A,2018-05-06 00:00:00,144.168211638,0,144.168211638,eulp_mixed_3a
reference_3a,3A,2018-05-06 01:00:00,134.129944199,0,134.129944199,eulp_mixed_3a
reference_3a,3A,2018-05-06 02:00:00,128.44485694,0,128.44485694,eulp_mixed_3a
reference_3a,3A,2018-05-06 03:00:00,123.99214751,0,123.99214751,eulp_mixed_3a
reference_3a,3A,2018-05-06 04:00:00,122.530676848,0,122.530676848,eulp_mixed_3a
reference_3a,3A,2018-05-06 05:00:00,128.594028185,0.00469994052322,128.589328245,eulp_mixed_3a
reference_3a,3A,2018-05-06 06:00:00,139.460140607,0.052885700979,139.407254906,eulp_mixed_3a
reference_3a,3A,2018-05-06 07:00:00,161.892514104,0.208272935434,161.684241168,eulp_mixed_3a
reference_3a,3A,2018-05-06 08:00:00,190.997294764,0.450354145233,190.546940619,eulp_mixed_3a
reference_3a,3A,2018-05-06 09:00:00,215.074443851,0.715236738141,214.359207112,eulp_mixed_3a
reference_3a,3A,2018-05-06 10:00:00,233.806971486,0.932784541685,232.874186944,eulp_mixed_3a
reference_3a,3A,2018-05-06 11:00:00,256.492421486,1.03605950315,255.456361983,eulp_mixed_3a
reference_3a,3A,2018-05-06 12:00:00,280.747309827,1.05041644969,279.696893377,eulp_mixed_3a
reference_3a,3A,2018-05-06 13:00:00,305.217796171,1.00822121288,304.209574959,eulp_mixed_3a
reference_3a,3A,2018-05-06 14:00:00,332.799127714,0.955239235316,331.843888478,eulp_mixed_3a
reference_3a,3A,2018-05-06 15:00:00,361.315862482,0.801540335119,360.514322147,eulp_mixed_3a
reference_3a,3A,2018-05-06 16:00:00,384.256447613,0.603848082944,383.65259953,eulp_mixed_3a
reference_3a,3A,2018-05-06 17:00:00,393.604032186,0.375894093154,393.228138093,eulp_mixed_3a
reference_3a,3A,2018-05-06 18:00:00,384.687598529,0.171538602274,384.516059927,eulp_mixed_3a
reference_3a,3A,2018-05-06 19:00:00,362.017026218,0.0386792251993,361.978346993,eulp_mixed_3a
reference_3a,3A,2018-05-06 20:00:00,326.808499559,7.87294724346e-05,326.80842083,eulp_mixed_3a
reference_3a,3A,2018-05-06 21:00:00,276.562057163,0,276.562057163,eulp_mixed_3a
reference_3a,3A,2018-05-06 22:00:00,220.500110579,0,220.500110579,eulp_mixed_3a
reference_3a,3A,2018-05-06 23:00:00,180.379377971,0,180.379377971,eulp_mixed_3a
reference_3a,3A,2018-05-07 00:00:00,159.659870904,0,159.659870904,eulp_mixed_3a
reference_3a,3A,2018-05-07 01:00:00,147.234040314,0,147.234040314,eulp_mixed_3a
reference_3a,3A,2018-05-07 02:00:00,138.962502789,0,138.962502789,eulp_mixed_3a
reference_3a,3A,2018-05-07 03:00:00,135.732853464,0,135.732853464,eulp_mixed_3a
reference_3a,3A,2018-05-07 04:00:00,141.855849521,0,141.855849521,eulp_mixed_3a
reference_3a,3A,2018-05-07 05:00:00,162.036209808,0.0074896573905,162.02872015,eulp_mixed_3a
reference_3a,3A,2018-05-07 06:00:00,186.705662429,0.073519199966,186.632143229,eulp_mixed_3a
reference_3a,3A,2018-05-07 07:00:00,218.086348418,0.244595829919,217.841752588,eulp_mixed_3a
reference_3a,3A,2018-05-07 08:00:00,252.190695482,0.478967133846,251.711728348,eulp_mixed_3a
reference_3a,3A,2018-05-07 09:00:00,287.013087891,0.719188473576,286.293899417,eulp_mixed_3a
reference_3a,3A,2018-05-07 10:00:00,320.877500786,0.907655436726,319.969845349,eulp_mixed_3a
reference_3a,3A,2018-05-07 11:00:00,351.901811644,1.03206018274,350.869751461,eulp_mixed_3a
reference_3a,3A,2018-05-07 12:00:00,380.044294554,1.07871365445,378.965580899,eulp_mixed_3a
reference_3a,3A,2018-05-07 13:00:00,399.118005098,1.06053639252,398.057468705,eulp_mixed_3a
reference_3a,3A,2018-05-07 14:00:00,415.990970898,0.973400107764,415.01757079,eulp_mixed_3a
reference_3a,3A,2018-05-07 15:00:00,433.716734819,0.829410169771,432.887324649,eulp_mixed_3a
reference_3a,3A,2018-05-07 16:00:00,449.204832493,0.62372169674,448.581110796,eulp_mixed_3a
reference_3a,3A,2018-05-07 17:00:00,453.992762657,0.383527923908,453.609234733,eulp_mixed_3a
reference_3a,3A,2018-05-07 18:00:00,437.811533547,0.170289646647,437.6412439,eulp_mixed_3a
reference_3a,3A,2018-05-07 19:00:00,404.14213241,0.0384380858784,404.103694324,eulp_mixed_3a
reference_3a,3A,2018-05-07 20:00:00,362.565738379,8.51350500198e-05,362.565653244,eulp_mixed_3a
reference_3a,3A,2018-05-07 21:00:00,305.596418127,0,305.596418127,eulp_mixed_3a
reference_3a,3A,2018-05-07 22:00:00,241.993378526,0,241.993378526,eulp_mixed_3a
reference_3a,3A,2018-05-07 23:00:00,198.812786766,0,198.812786766,eulp_mixed_3a
reference_3a,3A,2018-05-08 00:00:00,175.427145353,0,175.427145353,eulp_mixed_3a
reference_3a,3A,2018-05-08 01:00:00,162.341857047,0,162.341857047,eulp_mixed_3a
reference_3a,3A,2018-05-08 02:00:00,152.919511352,0,152.919511352,eulp_mixed_3a
reference_3a,3A,2018-05-08 03:00:00,148.891185211,0,148.891185211,eulp_mixed_3a
reference_3a,3A,2018-05-08 04:00:00,153.679066029,0,153.679066029,eulp_mixed_3a
reference_3a,3A,2018-05-08 05:00:00,172.914901328,0.00736892981697,172.907532398,eulp_mixed_3a
reference_3a,3A,2018-05-08 06:00:00,196.118231135,0.0727293807064,196.045501755,eulp_mixed_3a
reference_3a,3A,2018-05-08 07:00:00,227.128344522,0.25010435253,226.87824017,eulp_mixed_3a
reference_3a,3A,2018-05-08 08:00:00,262.149648256,0.506626329631,261.643021926,eulp_mixed_3a
reference_3a,3A,2018-05-08 09:00:00,297.533360039,0.74355128069,296.789808759,eulp_mixed_3a
reference_3a,3A,2018-05-08 10:00:00,329.086275837,0.92511918354,328.161156653,eulp_mixed_3a
reference_3a,3A,2018-05-08 11:00:00,357.73836243,1.03368871775,356.704673712,eulp_mixed_3a
reference_3a,3A,2018-05-08 12:00:00,383.733198129,1.07261968283,382.660578446,eulp_mixed_3a
reference_3a,3A,2018-05-08 13:00:00,403.692417329,1.04210783113,402.650309498,eulp_mixed_3a
reference_3a,3A,2018-05-08 14:00:00,419.277820528,0.956558025176,418.321262502,eulp_mixed_3a
reference_3a,3A,2018-05-08 15:00:00,430.235930982,0.803726488327,429.432204494,eulp_mixed_3a
reference_3a,3A,2018-05-08 16:00:00,436.58875929,0.616486911456,435.972272379,eulp_mixed_3a
reference_3a,3A,2018-05-08 17:00:00,436.385956166,0.387185611242,435.998770555,eulp_mixed_3a
reference_3a,3A,2018-05-08 18:00:00,422.154861743,0.174497644011,421.980364099,eulp_mixed_3a
reference_3a,3A,2018-05-08 19:00:00,394.951928371,0.039173551901,394.912754819,eulp_mixed_3a
reference_3a,3A,2018-05-08 20:00:00,359.056049828,8.67705094042e-05,359.055963057,eulp_mixed_3a
reference_3a,3A,2018-05-08 21:00:00,304.685969202,0,304.685969202,eulp_mixed_3a
reference_3a,3A,2018-05-08 22:00:00,244.262493158,0,244.262493158,eulp_mixed_3a
reference_3a,3A,2018-05-08 23:00:00,198.964016707,0,198.964016707,eulp_mixed_3a
reference_3a,3A,2018-05-09 00:00:00,173.113507739,0,173.113507739,eulp_mixed_3a
reference_3a,3A,2018-05-09 01:00:00,160.636438568,0,160.636438568,eulp_mixed_3a
reference_3a,3A,2018-05-09 02:00:00,152.724373057,0,152.724373057,eulp_mixed_3a
reference_3a,3A,2018-05-09 03:00:00,150.002989004,0,150.002989004,eulp_mixed_3a
reference_3a,3A,2018-05-09 04:00:00,154.64004969,0,154.64004969,eulp_mixed_3a
reference_3a,3A,2018-05-09 05:00:00,173.272289084,0.00796939375655,173.264319691,eulp_mixed_3a
reference_3a,3A,2018-05-09 06:00:00,196.64830202,0.0770090104938,196.57129301,eulp_mixed_3a
reference_3a,3A,2018-05-09 07:00:00,228.086967574,0.244826782084,227.842140792,eulp_mixed_3a
reference_3a,3A,2018-05-09 08:00:00,263.589026841,0.47570696844,263.113319873,eulp_mixed_3a
reference_3a,3A,2018-05-09 09:00:00,298.802412646,0.732999029428,298.069413616,eulp_mixed_3a
reference_3a,3A,2018-05-09 10:00:00,333.488789885,0.920160461024,332.568629424,eulp_mixed_3a
reference_3a,3A,2018-05-09 11:00:00,365.233071381,1.04097279673,364.192098585,eulp_mixed_3a
reference_3a,3A,2018-05-09 12:00:00,394.43716857,1.11898812781,393.318180443,eulp_mixed_3a
reference_3a,3A,2018-05-09 13:00:00,417.076872126,1.11485201068,415.962020115,eulp_mixed_3a
reference_3a,3A,2018-05-09 14:00:00,434.971293217,1.02792127439,433.943371943,eulp_mixed_3a
reference_3a,3A,2018-05-09 15:00:00,451.66691668,0.871498865982,450.795417814,eulp_mixed_3a
reference_3a,3A,2018-05-09 16:00:00,465.256625371,0.657680725731,464.598944646,eulp_mixed_3a
reference_3a,3A,2018-05-09 17:00:00,469.189843472,0.407322901599,468.782520571,eulp_mixed_3a
reference_3a,3A,2018-05-09 18:00:00,452.742011674,0.1811601366,452.560851537,eulp_mixed_3a
reference_3a,3A,2018-05-09 19:00:00,418.988377194,0.0411829430911,418.947194251,eulp_mixed_3a
reference_3a,3A,2018-05-09 20:00:00,375.418168756,6.48053057873e-05,375.41810395,eulp_mixed_3a
reference_3a,3A,2018-05-09 21:00:00,316.319322831,0,316.319322831,eulp_mixed_3a
reference_3a,3A,2018-05-09 22:00:00,252.687968502,0,252.687968502,eulp_mixed_3a
reference_3a,3A,2018-05-09 23:00:00,209.526374826,0,209.526374826,eulp_mixed_3a
reference_3a,3A,2018-05-10 00:00:00,185.6520027,0,185.6520027,eulp_mixed_3a
reference_3a,3A,2018-05-10 01:00:00,171.580783638,0,171.580783638,eulp_mixed_3a
reference_3a,3A,2018-05-10 02:00:00,162.021806857,0,162.021806857,eulp_mixed_3a
reference_3a,3A,2018-05-10 03:00:00,156.946095604,0,156.946095604,eulp_mixed_3a
reference_3a,3A,2018-05-10 04:00:00,159.762027767,0,159.762027767,eulp_mixed_3a
reference_3a,3A,2018-05-10 05:00:00,177.727517096,0.00852854208528,177.718988554,eulp_mixed_3a
reference_3a,3A,2018-05-10 06:00:00,203.073081078,0.0780035846879,202.995077493,eulp_mixed_3a
reference_3a,3A,2018-05-10 07:00:00,237.886220481,0.258333022254,237.627887459,eulp_mixed_3a
reference_3a,3A,2018-05-10 08:00:00,277.389542187,0.50984891642,276.87969327,eulp_mixed_3a
reference_3a,3A,2018-05-10 09:00:00,316.59729529,0.753930306197,315.843364984,eulp_mixed_3a
reference_3a,3A,2018-05-10 10:00:00,353.757958056,0.939009101354,352.818948955,eulp_mixed_3a
reference_3a,3A,2018-05-10 11:00:00,386.884406692,1.04788780815,385.836518884,eulp_mixed_3a
reference_3a,3A,2018-05-10 12:00:00,416.849369763,1.10635976191,415.743010001,eulp_mixed_3a
reference_3a,3A,2018-05-10 13:00:00,436.509837632,1.07144885458,435.438388777,eulp_mixed_3a
reference_3a,3A,2018-05-10 14:00:00,451.681126858,0.990578085314,450.690548773,eulp_mixed_3a
reference_3a,3A,2018-05-10 15:00:00,465.214924281,0.814225259055,464.400699022,eulp_mixed_3a
reference_3a,3A,2018-05-10 16:00:00,472.178406869,0.566853613244,471.611553256,eulp_mixed_3a
reference_3a,3A,2018-05-10 17:00:00,465.260360943,0.338388606139,464.921972337,eulp_mixed_3a
reference_3a,3A,2018-05-10 18:00:00,439.861562649,0.158395781022,439.703166868,eulp_mixed_3a
reference_3a,3A,2018-05-10 19:00:00,409.981554856,0.0416578181054,409.939897038,eulp_mixed_3a
reference_3a,3A,2018-05-10 20:00:00,370.976274953,9.18359156522e-05,370.976183118,eulp_mixed_3a
reference_3a,3A,2018-05-10 21:00:00,315.133562015,0,315.133562015,eulp_mixed_3a
reference_3a,3A,2018-05-10 22:00:00,253.352165157,0,253.352165157,eulp_mixed_3a
reference_3a,3A,2018-05-10 23:00:00,208.679891894,0,208.679891894,eulp_mixed_3a
reference_3a,3A,2018-05-11 00:00:00,182.756754325,0,182.756754325,eulp_mixed_3a
reference_3a,3A,2018-05-11 01:00:00,169.784628223,0,169.784628223,eulp_mixed_3a
reference_3a,3A,2018-05-11 02:00:00,160.626580546,0,160.626580546,eulp_mixed_3a
reference_3a,3A,2018-05-11 03:00:00,155.854256992,0,155.854256992,eulp_mixed_3a
reference_3a,3A,2018-05-11 04:00:00,159.507652812,0,159.507652812,eulp_mixed_3a
reference_3a,3A,2018-05-11 05:00:00,178.139520528,0.00812892029988,178.131391607,eulp_mixed_3a
reference_3a,3A,2018-05-11 06:00:00,205.768420632,0.073840556418,205.694580076,eulp_mixed_3a
reference_3a,3A,2018-05-11 07:00:00,244.513049096,0.243592417749,244.269456678,eulp_mixed_3a
reference_3a,3A,2018-05-11 08:00:00,287.087750275,0.483735798285,286.604014476,eulp_mixed_3a
reference_3a,3A,2018-05-11 09:00:00,332.212137384,0.746707571478,331.465429812,eulp_mixed_3a
reference_3a,3A,2018-05-11 10:00:00,373.981981389,0.945433215517,373.036548174,eulp_mixed_3a
reference_3a,3A,2018-05-11 11:00:00,409.789738899,1.06425535613,408.725483543,eulp_mixed_3a
reference_3a,3A,2018-05-11 12:00:00,441.771425782,1.10265026341,440.668775519,eulp_mixed_3a
reference_3a,3A,2018-05-11 13:00:00,464.943608263,1.06747284804,463.876135415,eulp_mixed_3a
reference_3a,3A,2018-05-11 14:00:00,485.047584505,0.984537263212,484.063047242,eulp_mixed_3a
reference_3a,3A,2018-05-11 15:00:00,503.213173856,0.825772160553,502.387401695,eulp_mixed_3a
reference_3a,3A,2018-05-11 16:00:00,514.848396637,0.624465772162,514.223930865,eulp_mixed_3a
reference_3a,3A,2018-05-11 17:00:00,515.651051037,0.377683751461,515.273367286,eulp_mixed_3a
reference_3a,3A,2018-05-11 18:00:00,493.169607169,0.172254449673,492.997352719,eulp_mixed_3a
reference_3a,3A,2018-05-11 19:00:00,454.336392066,0.0422081073806,454.294183959,eulp_mixed_3a
reference_3a,3A,2018-05-11 20:00:00,406.298217071,9.82187608797e-05,406.298118853,eulp_mixed_3a
reference_3a,3A,2018-05-11 21:00:00,346.028692707,0,346.028692707,eulp_mixed_3a
reference_3a,3A,2018-05-11 22:00:00,281.749053551,0,281.749053551,eulp_mixed_3a
reference_3a,3A,2018-05-11 23:00:00,235.102547021,0,235.102547021,eulp_mixed_3a
reference_3a,3A,2018-05-12 00:00:00,207.509088122,0,207.509088122,eulp_mixed_3a
reference_3a,3A,2018-05-12 01:00:00,191.669489231,0,191.669489231,eulp_mixed_3a
reference_3a,3A,2018-05-12 02:00:00,178.635141355,0,178.635141355,eulp_mixed_3a
reference_3a,3A,2018-05-12 03:00:00,168.013910985,0,168.013910985,eulp_mixed_3a
reference_3a,3A,2018-05-12 04:00:00,160.666968296,0,160.666968296,eulp_mixed_3a
reference_3a,3A,2018-05-12 05:00:00,161.377248827,0.00983947987899,161.367409347,eulp_mixed_3a
reference_3a,3A,2018-05-12 06:00:00,175.290796986,0.0845519824921,175.206245003,eulp_mixed_3a
reference_3a,3A,2018-05-12 07:00:00,212.520222334,0.258842215434,212.261380119,eulp_mixed_3a
reference_3a,3A,2018-05-12 08:00:00,261.170609442,0.472332130322,260.698277311,eulp_mixed_3a
reference_3a,3A,2018-05-12 09:00:00,310.617402943,0.692289035945,309.925113907,eulp_mixed_3a
reference_3a,3A,2018-05-12 10:00:00,351.789743508,0.907624214401,350.882119294,eulp_mixed_3a
reference_3a,3A,2018-05-12 11:00:00,392.867131181,1.03411555109,391.83301563,eulp_mixed_3a
reference_3a,3A,2018-05-12 12:00:00,427.529556646,1.0767874696,426.452769177,eulp_mixed_3a
reference_3a,3A,2018-05-12 13:00:00,454.495980702,1.06014549617,453.435835205,eulp_mixed_3a
reference_3a,3A,2018-05-12 14:00:00,482.460807521,0.974629023847,481.486178497,eulp_mixed_3a
reference_3a,3A,2018-05-12 15:00:00,508.609800582,0.816606878332,507.793193704,eulp_mixed_3a
reference_3a,3A,2018-05-12 16:00:00,522.549131172,0.593168459805,521.955962712,eulp_mixed_3a
reference_3a,3A,2018-05-12 17:00:00,520.694769754,0.373779447122,520.320990307,eulp_mixed_3a
reference_3a,3A,2018-05-12 18:00:00,496.255775685,0.17659158311,496.079184102,eulp_mixed_3a
reference_3a,3A,2018-05-12 19:00:00,457.272114221,0.0427562380211,457.229357983,eulp_mixed_3a
reference_3a,3A,2018-05-12 20:00:00,409.431429429,9.09727480834e-05,409.431338456,eulp_mixed_3a
reference_3a,3A,2018-05-12 21:00:00,348.924377128,0,348.924377128,eulp_mixed_3a
reference_3a,3A,2018-05-12 22:00:00,285.659289952,0,285.659289952,eulp_mixed_3a
reference_3a,3A,2018-05-12 23:00:00,235.6266389,0,235.6266389,eulp_mixed_3a
reference_3a,3A,2018-05-13 00:00:00,204.614128691,0,204.614128691,eulp_mixed_3a
reference_3a,3A,2018-05-13 01:00:00,189.304013767,0,189.304013767,eulp_mixed_3a
reference_3a,3A,2018-05-13 02:00:00,177.524056598,0,177.524056598,eulp_mixed_3a
reference_3a,3A,2018-05-13 03:00:00,167.787689836,0,167.787689836,eulp_mixed_3a
reference_3a,3A,2018-05-13 04:00:00,160.860794457,0,160.860794457,eulp_mixed_3a
reference_3a,3A,2018-05-13 05:00:00,161.868894085,0.00963084482363,161.85926324,eulp_mixed_3a
reference_3a,3A,2018-05-13 06:00:00,175.078941636,0.0830995029307,174.995842134,eulp_mixed_3a
reference_3a,3A,2018-05-13 07:00:00,209.060805625,0.255090597212,208.805715028,eulp_mixed_3a
reference_3a,3A,2018-05-13 08:00:00,254.456603919,0.476685971729,253.979917947,eulp_mixed_3a
reference_3a,3A,2018-05-13 09:00:00,298.50393409,0.69270163584,297.811232454,eulp_mixed_3a
reference_3a,3A,2018-05-13 10:00:00,332.724419337,0.852345052027,331.872074285,eulp_mixed_3a
reference_3a,3A,2018-05-13 11:00:00,365.078996211,0.952625067868,364.126371143,eulp_mixed_3a
reference_3a,3A,2018-05-13 12:00:00,399.142347821,1.01526125674,398.127086565,eulp_mixed_3a
reference_3a,3A,2018-05-13 13:00:00,431.354110847,1.02352605669,430.33058479,eulp_mixed_3a
reference_3a,3A,2018-05-13 14:00:00,464.406877838,0.943709895258,463.463167943,eulp_mixed_3a
reference_3a,3A,2018-05-13 15:00:00,496.080174794,0.803104341005,495.277070453,eulp_mixed_3a
reference_3a,3A,2018-05-13 16:00:00,519.289616541,0.629141919216,518.660474622,eulp_mixed_3a
reference_3a,3A,2018-05-13 17:00:00,523.423606364,0.394748481433,523.028857883,eulp_mixed_3a
reference_3a,3A,2018-05-13 18:00:00,502.721682594,0.182027312973,502.539655281,eulp_mixed_3a
reference_3a,3A,2018-05-13 19:00:00,464.427064273,0.0437795363069,464.383284736,eulp_mixed_3a
reference_3a,3A,2018-05-13 20:00:00,416.472827863,0.000156754796449,416.472671108,eulp_mixed_3a
reference_3a,3A,2018-05-13 21:00:00,356.22365207,0,356.22365207,eulp_mixed_3a
reference_3a,3A,2018-05-13 22:00:00,293.485394432,0,293.485394432,eulp_mixed_3a
reference_3a,3A,2018-05-13 23:00:00,251.256212106,0,251.256212106,eulp_mixed_3a
reference_3a,3A,2018-05-14 00:00:00,229.833138622,0,229.833138622,eulp_mixed_3a
reference_3a,3A,2018-05-14 01:00:00,213.032782762,0,213.032782762,eulp_mixed_3a
reference_3a,3A,2018-05-14 02:00:00,200.112426112,0,200.112426112,eulp_mixed_3a
reference_3a,3A,2018-05-14 03:00:00,191.807803909,0,191.807803909,eulp_mixed_3a
reference_3a,3A,2018-05-14 04:00:00,192.137880839,0,192.137880839,eulp_mixed_3a
reference_3a,3A,2018-05-14 05:00:00,208.349952703,0.00815810886177,208.341794594,eulp_mixed_3a
reference_3a,3A,2018-05-14 06:00:00,237.607221084,0.0714322586037,237.535788826,eulp_mixed_3a
reference_3a,3A,2018-05-14 07:00:00,280.544965089,0.228191525481,280.316773564,eulp_mixed_3a
reference_3a,3A,2018-05-14 08:00:00,330.690454953,0.442673328012,330.247781625,eulp_mixed_3a
reference_3a,3A,2018-05-14 09:00:00,380.61067436,0.649971960503,379.960702399,eulp_mixed_3a
reference_3a,3A,2018-05-14 10:00:00,424.843735245,0.837880428721,424.005854816,eulp_mixed_3a
reference_3a,3A,2018-05-14 11:00:00,463.596039662,0.95563868426,462.640400978,eulp_mixed_3a
reference_3a,3A,2018-05-14 12:00:00,496.737476343,0.993743698068,495.743732645,eulp_mixed_3a
reference_3a,3A,2018-05-14 13:00:00,519.280316553,0.965602005533,518.314714548,eulp_mixed_3a
reference_3a,3A,2018-05-14 14:00:00,534.507334062,0.858670900855,533.648663161,eulp_mixed_3a
reference_3a,3A,2018-05-14 15:00:00,544.278802896,0.707677661149,543.571125235,eulp_mixed_3a
reference_3a,3A,2018-05-14 16:00:00,546.381046389,0.521049630324,545.859996759,eulp_mixed_3a
reference_3a,3A,2018-05-14 17:00:00,537.983365248,0.331283883757,537.652081364,eulp_mixed_3a
reference_3a,3A,2018-05-14 18:00:00,515.520788001,0.157459862752,515.363328138,eulp_mixed_3a
reference_3a,3A,2018-05-14 19:00:00,481.530613891,0.0434057206231,481.48720817,eulp_mixed_3a
reference_3a,3A,2018-05-14 20:00:00,436.710369884,0.0014274656481,436.708942418,eulp_mixed_3a
reference_3a,3A,2018-05-14 21:00:00,377.084947185,0,377.084947185,eulp_mixed_3a
reference_3a,3A,2018-05-14 22:00:00,308.945912798,0,308.945912798,eulp_mixed_3a
reference_3a,3A,2018-05-14 23:00:00,259.157779583,0,259.157779583,eulp_mixed_3a
reference_3a,3A,2018-05-15 00:00:00,230.888351721,0,230.888351721,eulp_mixed_3a
reference_3a,3A,2018-05-15 01:00:00,214.21122921,0,214.21122921,eulp_mixed_3a
reference_3a,3A,2018-05-15 02:00:00,202.090117021,0,202.090117021,eulp_mixed_3a
reference_3a,3A,2018-05-15 03:00:00,195.243856309,0,195.243856309,eulp_mixed_3a
reference_3a,3A,2018-05-15 04:00:00,196.544270839,0,196.544270839,eulp_mixed_3a
reference_3a,3A,2018-05-15 05:00:00,212.608645207,0.00408266655599,212.60456254,eulp_mixed_3a
