role,variant,program,kind,fraction,seed,hours,events,max_conservation_error,status
development,u50d100g10,H8P16,fresh,1.0,984000,216,1,1.5670797992584085e-13,PASS
development,u50d100g10,H8P16,fresh,1.0,984099,216,1,1.4210854715202004e-13,PASS
development,u50d100g10,H8P16,repeated,0.25,984000,216,4,1.5010215292932116e-13,PASS
development,u50d100g10,H8P16,repeated,0.25,984099,216,4,1.4210854715202004e-13,PASS
development,u50d100g10,H8P16,repeated,0.5,984000,216,4,1.5276668818842154e-13,PASS
development,u50d100g10,H8P16,repeated,0.5,984099,216,4,1.4210854715202004e-13,PASS
development,u50d100g10,H8P16,repeated,0.75,984000,216,4,1.509903313490213e-13,PASS
development,u50d100g10,H8P16,repeated,0.75,984099,216,4,1.4210854715202004e-13,PASS
development,u50d100g10,H8P16,repeated,1.0,984000,216,4,1.5276668818842154e-13,PASS
development,u50d100g10,H8P16,repeated,1.0,984099,216,4,1.4210854715202004e-13,PASS
development,u50d100g10,H8P24,repeated,0.25,984000,216,4,1.4921397450962104e-13,PASS
development,u50d100g10,H8P24,repeated,0.25,984099,216,4,1.4210854715202004e-13,PASS
development,u50d100g10,H8P24,repeated,0.5,984000,216,4,1.5631940186722204e-13,PASS
development,u50d100g10,H8P24,repeated,0.5,984099,216,4,1.7053025658242404e-13,PASS
development,u50d100g10,H8P24,repeated,0.75,984000,216,4,1.7053025658242404e-13,PASS
development,u50d100g10,H8P24,repeated,0.75,984099,216,4,1.2967404927621828e-13,PASS
development,u50d100g10,H8P24,repeated,1.0,984000,216,4,1.7053025658242404e-13,PASS
development,u50d100g10,H8P24,repeated,1.0,984099,216,4,1.4210854715202004e-13,PASS
development,u50d50g10,H8P16,fresh,1.0,984000,216,1,1.5026868638301494e-13,PASS
development,u50d50g10,H8P16,fresh,1.0,984099,216,1,1.7053025658242404e-13,PASS
development,u50d50g10,H8P16,repeated,0.25,984000,216,4,1.5010215292932116e-13,PASS
development,u50d50g10,H8P16,repeated,0.25,984099,216,4,1.7053025658242404e-13,PASS
development,u50d50g10,H8P16,repeated,0.5,984000,216,4,1.509903313490213e-13,PASS
development,u50d50g10,H8P16,repeated,0.5,984099,216,4,1.4921397450962104e-13,PASS
development,u50d50g10,H8P16,repeated,0.75,984000,216,4,1.509903313490213e-13,PASS
development,u50d50g10,H8P16,repeated,0.75,984099,216,4,1.4921397450962104e-13,PASS
development,u50d50g10,H8P16,repeated,1.0,984000,216,4,1.4921397450962104e-13,PASS
development,u50d50g10,H8P16,repeated,1.0,984099,216,4,1.4921397450962104e-13,PASS
development,u50d50g10,H8P24,repeated,0.25,984000,216,4,1.5631940186722204e-13,PASS
development,u50d50g10,H8P24,repeated,0.25,984099,216,4,1.7053025658242404e-13,PASS
development,u50d50g10,H8P24,repeated,0.5,984000,216,4,1.5631940186722204e-13,PASS
development,u50d50g10,H8P24,repeated,0.5,984099,216,4,1.4921397450962104e-13,PASS
development,u50d50g10,H8P24,repeated,0.75,984000,216,4,1.9895196601282805e-13,PASS
development,u50d50g10,H8P24,repeated,0.75,984099,216,4,1.4921397450962104e-13,PASS
development,u50d50g10,H8P24,repeated,1.0,984000,216,4,1.9895196601282805e-13,PASS
development,u50d50g10,H8P24,repeated,1.0,984099,216,4,1.4921397450962104e-13,PASS
development,u65d100g10,H4P16,repeated,0.25,984000,216,4,1.6342482922482304e-13,PASS
development,u65d100g10,H4P16,repeated,0.25,984099,216,4,2.1316282072803006e-13,PASS
development,u65d100g10,H4P16,repeated,0.5,984000,216,4,1.6342482922482304e-13,PASS
development,u65d100g10,H4P16,repeated,0.5,984099,216,4,2.1316282072803006e-13,PASS
development,u65d100g10,H4P16,repeated,0.75,984000,216,4,1.6342482922482304e-13,PASS
development,u65d100g10,H4P16,repeated,0.75,984099,216,4,1.9895196601282805e-13,PASS
development,u65d100g10,H4P16,repeated,1.0,984000,216,4,1.7053025658242404e-13,PASS
development,u65d100g10,H4P16,repeated,1.0,984099,216,4,1.9895196601282805e-13,PASS
development,u65d100g10,H8P16,fresh,1.0,984000,216,1,1.6342482922482304e-13,PASS
development,u65d100g10,H8P16,fresh,1.0,984099,216,1,2.042810365310288e-13,PASS
development,u65d100g10,H8P16,repeated,0.25,984000,216,4,1.6342482922482304e-13,PASS
development,u65d100g10,H8P16,repeated,0.25,984099,216,4,2.2737367544323206e-13,PASS
development,u65d100g10,H8P16,repeated,0.5,984000,216,4,1.6342482922482304e-13,PASS
development,u65d100g10,H8P16,repeated,0.5,984099,216,4,2.2737367544323206e-13,PASS
development,u65d100g10,H8P16,repeated,0.75,984000,216,4,1.6342482922482304e-13,PASS
development,u65d100g10,H8P16,repeated,0.75,984099,216,4,2.2737367544323206e-13,PASS
development,u65d100g10,H8P16,repeated,1.0,984000,216,4,1.7053025658242404e-13,PASS
development,u65d100g10,H8P16,repeated,1.0,984099,216,4,2.2737367544323206e-13,PASS
development,u65d100g10,H8P24,repeated,0.25,984000,216,4,1.6342482922482304e-13,PASS
development,u65d100g10,H8P24,repeated,0.25,984099,216,4,2.2737367544323206e-13,PASS
development,u65d100g10,H8P24,repeated,0.5,984000,216,4,1.7053025658242404e-13,PASS
development,u65d100g10,H8P24,repeated,0.5,984099,216,4,1.9895196601282805e-13,PASS
development,u65d100g10,H8P24,repeated,0.75,984000,216,4,1.7053025658242404e-13,PASS
development,u65d100g10,H8P24,repeated,0.75,984099,216,4,2.2737367544323206e-13,PASS
development,u65d100g10,H8P24,repeated,1.0,984000,216,4,1.7053025658242404e-13,PASS
development,u65d100g10,H8P24,repeated,1.0,984099,216,4,2.2737367544323206e-13,PASS
development,u65d50g10,H8P16,fresh,1.0,984000,216,1,1.5631940186722204e-13,PASS
development,u65d50g10,H8P16,fresh,1.0,984099,216,1,2.042810365310288e-13,PASS
development,u65d50g10,H8P16,repeated,0.25,984000,216,4,1.5631940186722204e-13,PASS
development,u65d50g10,H8P16,repeated,0.25,984099,216,4,1.7053025658242404e-13,PASS
development,u65d50g10,H8P16,repeated,0.5,984000,216,4,1.5631940186722204e-13,PASS
development,u65d50g10,H8P16,repeated,0.5,984099,216,4,1.7053025658242404e-13,PASS
development,u65d50g10,H8P16,repeated,0.75,984000,216,4,1.5631940186722204e-13,PASS
development,u65d50g10,H8P16,repeated,0.75,984099,216,4,1.4210854715202004e-13,PASS
development,u65d50g10,H8P16,repeated,1.0,984000,216,4,1.5631940186722204e-13,PASS
development,u65d50g10,H8P16,repeated,1.0,984099,216,4,1.2079226507921703e-13,PASS
development,u65d50g10,H8P24,repeated,0.25,984000,216,4,1.6342482922482304e-13,PASS
development,u65d50g10,H8P24,repeated,0.25,984099,216,4,2.1316282072803006e-13,PASS
development,u65d50g10,H8P24,repeated,0.5,984000,216,4,1.5631940186722204e-13,PASS
development,u65d50g10,H8P24,repeated,0.5,984099,216,4,1.9895196601282805e-13,PASS
development,u65d50g10,H8P24,repeated,0.75,984000,216,4,1.5631940186722204e-13,PASS
development,u65d50g10,H8P24,repeated,0.75,984099,216,4,1.7053025658242404e-13,PASS
development,u65d50g10,H8P24,repeated,1.0,984000,216,4,1.5631940186722204e-13,PASS
development,u65d50g10,H8P24,repeated,1.0,984099,216,4,1.2079226507921703e-13,PASS
development,u65d50g20,H8P16,fresh,1.0,984000,216,1,1.5631940186722204e-13,PASS
development,u65d50g20,H8P16,fresh,1.0,984099,216,1,2.042810365310288e-13,PASS
development,u65d50g20,H8P16,repeated,0.25,984000,216,4,1.5631940186722204e-13,PASS
development,u65d50g20,H8P16,repeated,0.25,984099,216,4,1.7053025658242404e-13,PASS
development,u65d50g20,H8P16,repeated,0.5,984000,216,4,1.5631940186722204e-13,PASS
development,u65d50g20,H8P16,repeated,0.5,984099,216,4,1.7053025658242404e-13,PASS
development,u65d50g20,H8P16,repeated,0.75,984000,216,4,1.6342482922482304e-13,PASS
development,u65d50g20,H8P16,repeated,0.75,984099,216,4,1.4210854715202004e-13,PASS
development,u65d50g20,H8P16,repeated,1.0,984000,216,4,1.5631940186722204e-13,PASS
development,u65d50g20,H8P16,repeated,1.0,984099,216,4,1.1812772982011666e-13,PASS
development,u65d50g20,H8P24,repeated,0.25,984000,216,4,1.7053025658242404e-13,PASS
development,u65d50g20,H8P24,repeated,0.25,984099,216,4,2.1316282072803006e-13,PASS
development,u65d50g20,H8P24,repeated,0.5,984000,216,4,1.5631940186722204e-13,PASS
development,u65d50g20,H8P24,repeated,0.5,984099,216,4,1.9895196601282805e-13,PASS
development,u65d50g20,H8P24,repeated,0.75,984000,216,4,1.7053025658242404e-13,PASS
development,u65d50g20,H8P24,repeated,0.75,984099,216,4,1.7053025658242404e-13,PASS
development,u65d50g20,H8P24,repeated,1.0,984000,216,4,1.7053025658242404e-13,PASS
development,u65d50g20,H8P24,repeated,1.0,984099,216,4,1.1723955140041653e-13,PASS
development,u80d100g10,H8P16,fresh,1.0,984000,216,1,2.5579538487363607e-13,PASS
development,u80d100g10,H8P16,fresh,1.0,984099,216,1,1.8474111129762605e-13,PASS
development,u80d100g10,H8P16,repeated,0.25,984000,216,4,2.8421709430404007e-13,PASS
development,u80d100g10,H8P16,repeated,0.25,984099,216,4,1.7763568394002505e-13,PASS
development,u80d100g10,H8P16,repeated,0.5,984000,216,4,2.8421709430404007e-13,PASS
development,u80d100g10,H8P16,repeated,0.5,984099,216,4,1.7053025658242404e-13,PASS
development,u80d100g10,H8P16,repeated,0.75,984000,216,4,3.979039320256561e-13,PASS
development,u80d100g10,H8P16,repeated,0.75,984099,216,4,2.2737367544323206e-13,PASS
development,u80d100g10,H8P16,repeated,1.0,984000,216,4,3.410605131648481e-13,PASS
development,u80d100g10,H8P16,repeated,1.0,984099,216,4,2.2737367544323206e-13,PASS
development,u80d100g10,H8P24,repeated,0.25,984000,216,4,2.8421709430404007e-13,PASS
development,u80d100g10,H8P24,repeated,0.25,984099,216,4,1.7763568394002505e-13,PASS
development,u80d100g10,H8P24,repeated,0.5,984000,216,4,2.8421709430404007e-13,PASS
development,u80d100g10,H8P24,repeated,0.5,984099,216,4,1.9895196601282805e-13,PASS
development,u80d100g10,H8P24,repeated,0.75,984000,216,4,3.979039320256561e-13,PASS
development,u80d100g10,H8P24,repeated,0.75,984099,216,4,2.2737367544323206e-13,PASS
development,u80d100g10,H8P24,repeated,1.0,984000,216,4,2.2737367544323206e-13,PASS
development,u80d100g10,H8P24,repeated,1.0,984099,216,4,2.2737367544323206e-13,PASS
development,u80d50g10,H8P16,fresh,1.0,984000,216,1,2.4158453015843406e-13,PASS
development,u80d50g10,H8P16,fresh,1.0,984099,216,1,1.9184653865522705e-13,PASS
development,u80d50g10,H8P16,repeated,0.25,984000,216,4,2.8421709430404007e-13,PASS
development,u80d50g10,H8P16,repeated,0.25,984099,216,4,1.8474111129762605e-13,PASS
development,u80d50g10,H8P16,repeated,0.5,984000,216,4,2.8421709430404007e-13,PASS
development,u80d50g10,H8P16,repeated,0.5,984099,216,4,1.7053025658242404e-13,PASS
development,u80d50g10,H8P16,repeated,0.75,984000,216,4,3.410605131648481e-13,PASS
development,u80d50g10,H8P16,repeated,0.75,984099,216,4,1.9895196601282805e-13,PASS
development,u80d50g10,H8P16,repeated,1.0,984000,216,4,3.410605131648481e-13,PASS
development,u80d50g10,H8P16,repeated,1.0,984099,216,4,2.5579538487363607e-13,PASS
development,u80d50g10,H8P24,repeated,0.25,984000,216,4,2.5579538487363607e-13,PASS
development,u80d50g10,H8P24,repeated,0.25,984099,216,4,1.7053025658242404e-13,PASS
development,u80d50g10,H8P24,repeated,0.5,984000,216,4,2.8421709430404007e-13,PASS
development,u80d50g10,H8P24,repeated,0.5,984099,216,4,1.7053025658242404e-13,PASS
development,u80d50g10,H8P24,repeated,0.75,984000,216,4,3.410605131648481e-13,PASS
development,u80d50g10,H8P24,repeated,0.75,984099,216,4,1.7053025658242404e-13,PASS
development,u80d50g10,H8P24,repeated,1.0,984000,216,4,3.410605131648481e-13,PASS
development,u80d50g10,H8P24,repeated,1.0,984099,216,4,1.7053025658242404e-13,PASS
development,u80d50g20,H8P16,fresh,1.0,984000,216,1,2.8421709430404007e-13,PASS
development,u80d50g20,H8P16,fresh,1.0,984099,216,1,1.8829382497642655e-13,PASS
development,u80d50g20,H8P16,repeated,0.25,984000,216,4,2.8421709430404007e-13,PASS
development,u80d50g20,H8P16,repeated,0.25,984099,216,4,1.8829382497642655e-13,PASS
development,u80d50g20,H8P16,repeated,0.5,984000,216,4,2.8421709430404007e-13,PASS
development,u80d50g20,H8P16,repeated,0.5,984099,216,4,1.829647544582258e-13,PASS
development,u80d50g20,H8P16,repeated,0.75,984000,216,4,3.410605131648481e-13,PASS
development,u80d50g20,H8P16,repeated,0.75,984099,216,4,2.2737367544323206e-13,PASS
development,u80d50g20,H8P16,repeated,1.0,984000,216,4,3.410605131648481e-13,PASS
development,u80d50g20,H8P16,repeated,1.0,984099,216,4,2.5579538487363607e-13,PASS
development,u80d50g20,H8P24,repeated,0.25,984000,216,4,3.126388037344441e-13,PASS
development,u80d50g20,H8P24,repeated,0.25,984099,216,4,1.8829382497642655e-13,PASS
development,u80d50g20,H8P24,repeated,0.5,984000,216,4,2.8421709430404007e-13,PASS
development,u80d50g20,H8P24,repeated,0.5,984099,216,4,1.829647544582258e-13,PASS
development,u80d50g20,H8P24,repeated,0.75,984000,216,4,3.410605131648481e-13,PASS
development,u80d50g20,H8P24,repeated,0.75,984099,216,4,1.8474111129762605e-13,PASS
development,u80d50g20,H8P24,repeated,1.0,984000,216,4,3.410605131648481e-13,PASS
development,u80d50g20,H8P24,repeated,1.0,984099,216,4,1.8829382497642655e-13,PASS
confirmation,u50d100g10,H8P16,fresh,1.0,985000,216,1,2.3447910280083306e-13,PASS
confirmation,u50d100g10,H8P16,fresh,1.0,985299,216,1,1.6342482922482304e-13,PASS
confirmation,u50d100g10,H8P16,repeated,0.5,985000,216,4,2.2737367544323206e-13,PASS
confirmation,u50d100g10,H8P16,repeated,0.5,985299,216,4,1.6342482922482304e-13,PASS
confirmation,u50d100g10,H8P16,repeated,1.0,985000,216,4,1.1368683772161603e-13,PASS
confirmation,u50d100g10,H8P16,repeated,1.0,985299,216,4,1.6342482922482304e-13,PASS
confirmation,u50d100g10,H8P24,repeated,0.25,985000,216,4,2.5579538487363607e-13,PASS
confirmation,u50d100g10,H8P24,repeated,0.25,985299,216,4,1.6342482922482304e-13,PASS
confirmation,u50d100g10,H8P24,repeated,0.5,985000,216,4,2.8421709430404007e-13,PASS
confirmation,u50d100g10,H8P24,repeated,0.5,985299,216,4,1.6342482922482304e-13,PASS
confirmation,u50d100g10,H8P24,repeated,1.0,985000,216,4,1.1368683772161603e-13,PASS
confirmation,u50d100g10,H8P24,repeated,1.0,985299,216,4,1.7053025658242404e-13,PASS
confirmation,u50d50g10,H8P16,fresh,1.0,985000,216,1,2.4158453015843406e-13,PASS
confirmation,u50d50g10,H8P16,fresh,1.0,985299,216,1,1.7763568394002505e-13,PASS
confirmation,u50d50g10,H8P16,repeated,0.25,985000,216,4,2.5579538487363607e-13,PASS
confirmation,u50d50g10,H8P16,repeated,0.25,985299,216,4,1.7763568394002505e-13,PASS
confirmation,u50d50g10,H8P16,repeated,1.0,985000,216,4,2.8421709430404007e-13,PASS
confirmation,u50d50g10,H8P16,repeated,1.0,985299,216,4,1.7763568394002505e-13,PASS
confirmation,u50d50g10,H8P24,repeated,1.0,985000,216,4,2.8421709430404007e-13,PASS
confirmation,u50d50g10,H8P24,repeated,1.0,985299,216,4,1.6697754290362354e-13,PASS
confirmation,u65d100g10,H4P16,repeated,0.75,985000,216,4,2.2737367544323206e-13,PASS
confirmation,u65d100g10,H4P16,repeated,0.75,985299,216,4,3.019806626980426e-13,PASS
confirmation,u65d100g10,H4P16,repeated,1.0,985000,216,4,2.2737367544323206e-13,PASS
confirmation,u65d100g10,H4P16,repeated,1.0,985299,216,4,3.019806626980426e-13,PASS
confirmation,u65d100g10,H8P16,fresh,1.0,985000,216,1,2.2737367544323206e-13,PASS
confirmation,u65d100g10,H8P16,fresh,1.0,985299,216,1,3.019806626980426e-13,PASS
confirmation,u65d100g10,H8P16,repeated,0.5,985000,216,4,2.2737367544323206e-13,PASS
confirmation,u65d100g10,H8P16,repeated,0.5,985299,216,4,3.019806626980426e-13,PASS
confirmation,u65d100g10,H8P16,repeated,0.75,985000,216,4,2.2737367544323206e-13,PASS
confirmation,u65d100g10,H8P16,repeated,0.75,985299,216,4,3.019806626980426e-13,PASS
confirmation,u65d100g10,H8P16,repeated,1.0,985000,216,4,2.2737367544323206e-13,PASS
confirmation,u65d100g10,H8P16,repeated,1.0,985299,216,4,3.019806626980426e-13,PASS
confirmation,u65d100g10,H8P24,repeated,0.5,985000,216,4,2.2737367544323206e-13,PASS
confirmation,u65d100g10,H8P24,repeated,0.5,985299,216,4,3.019806626980426e-13,PASS
confirmation,u65d100g10,H8P24,repeated,1.0,985000,216,4,2.2737367544323206e-13,PASS
confirmation,u65d100g10,H8P24,repeated,1.0,985299,216,4,3.019806626980426e-13,PASS
confirmation,u65d50g10,H8P16,fresh,1.0,985000,216,1,2.2382096176443156e-13,PASS
confirmation,u65d50g10,H8P16,fresh,1.0,985299,216,1,2.8066438062523957e-13,PASS
confirmation,u65d50g10,H8P16,repeated,0.25,985000,216,4,2.2382096176443156e-13,PASS
confirmation,u65d50g10,H8P16,repeated,0.25,985299,216,4,2.8066438062523957e-13,PASS
confirmation,u65d50g10,H8P16,repeated,1.0,985000,216,4,3.694822225952521e-13,PASS
confirmation,u65d50g10,H8P16,repeated,1.0,985299,216,4,2.8066438062523957e-13,PASS
confirmation,u65d50g10,H8P24,repeated,0.25,985000,216,4,2.2382096176443156e-13,PASS
confirmation,u65d50g10,H8P24,repeated,0.25,985299,216,4,2.8066438062523957e-13,PASS
confirmation,u65d50g10,H8P24,repeated,1.0,985000,216,4,3.410605131648481e-13,PASS
confirmation,u65d50g10,H8P24,repeated,1.0,985299,216,4,2.8066438062523957e-13,PASS
confirmation,u65d50g20,H8P16,fresh,1.0,985000,216,1,2.2382096176443156e-13,PASS
confirmation,u65d50g20,H8P16,fresh,1.0,985299,216,1,2.913225216616411e-13,PASS
confirmation,u65d50g20,H8P16,repeated,0.25,985000,216,4,2.2382096176443156e-13,PASS
confirmation,u65d50g20,H8P16,repeated,0.25,985299,216,4,2.913225216616411e-13,PASS
confirmation,u65d50g20,H8P16,repeated,1.0,985000,216,4,3.694822225952521e-13,PASS
confirmation,u65d50g20,H8P16,repeated,1.0,985299,216,4,2.913225216616411e-13,PASS
confirmation,u65d50g20,H8P24,repeated,0.25,985000,216,4,2.2382096176443156e-13,PASS
confirmation,u65d50g20,H8P24,repeated,0.25,985299,216,4,2.913225216616411e-13,PASS
confirmation,u65d50g20,H8P24,repeated,1.0,985000,216,4,3.410605131648481e-13,PASS
confirmation,u65d50g20,H8P24,repeated,1.0,985299,216,4,2.913225216616411e-13,PASS
confirmation,u80d100g10,H8P16,fresh,1.0,985000,216,1,1.7053025658242404e-13,PASS
confirmation,u80d100g10,H8P16,fresh,1.0,985299,216,1,1.8474111129762605e-13,PASS
confirmation,u80d100g10,H8P16,repeated,0.75,985000,216,4,2.2737367544323206e-13,PASS
confirmation,u80d100g10,H8P16,repeated,0.75,985299,216,4,1.8474111129762605e-13,PASS
confirmation,u80d100g10,H8P16,repeated,1.0,985000,216,4,1.7053025658242404e-13,PASS
confirmation,u80d100g10,H8P16,repeated,1.0,985299,216,4,2.2737367544323206e-13,PASS
confirmation,u80d100g10,H8P24,repeated,0.5,985000,216,4,1.7053025658242404e-13,PASS
confirmation,u80d100g10,H8P24,repeated,0.5,985299,216,4,1.8474111129762605e-13,PASS
confirmation,u80d100g10,H8P24,repeated,0.75,985000,216,4,2.2737367544323206e-13,PASS
confirmation,u80d100g10,H8P24,repeated,0.75,985299,216,4,1.8474111129762605e-13,PASS
confirmation,u80d100g10,H8P24,repeated,1.0,985000,216,4,2.2737367544323206e-13,PASS
confirmation,u80d100g10,H8P24,repeated,1.0,985299,216,4,1.8474111129762605e-13,PASS
confirmation,u80d50g10,H8P16,fresh,1.0,985000,216,1,1.7053025658242404e-13,PASS
confirmation,u80d50g10,H8P16,fresh,1.0,985299,216,1,1.8474111129762605e-13,PASS
confirmation,u80d50g10,H8P16,repeated,0.25,985000,216,4,1.7053025658242404e-13,PASS
confirmation,u80d50g10,H8P16,repeated,0.25,985299,216,4,1.8474111129762605e-13,PASS
confirmation,u80d50g10,H8P16,repeated,1.0,985000,216,4,2.2737367544323206e-13,PASS
confirmation,u80d50g10,H8P16,repeated,1.0,985299,216,4,1.8474111129762605e-13,PASS
confirmation,u80d50g10,H8P24,repeated,0.25,985000,216,4,1.9895196601282805e-13,PASS
confirmation,u80d50g10,H8P24,repeated,0.25,985299,216,4,1.8474111129762605e-13,PASS
confirmation,u80d50g10,H8P24,repeated,1.0,985000,216,4,2.2737367544323206e-13,PASS
confirmation,u80d50g10,H8P24,repeated,1.0,985299,216,4,1.8474111129762605e-13,PASS
confirmation,u80d50g20,H8P16,fresh,1.0,985000,216,1,1.8474111129762605e-13,PASS
confirmation,u80d50g20,H8P16,fresh,1.0,985299,216,1,1.8829382497642655e-13,PASS
confirmation,u80d50g20,H8P16,repeated,0.25,985000,216,4,1.5631940186722204e-13,PASS
confirmation,u80d50g20,H8P16,repeated,0.25,985299,216,4,1.8829382497642655e-13,PASS
confirmation,u80d50g20,H8P16,repeated,1.0,985000,216,4,1.8474111129762605e-13,PASS
confirmation,u80d50g20,H8P16,repeated,1.0,985299,216,4,1.8829382497642655e-13,PASS
confirmation,u80d50g20,H8P24,repeated,0.25,985000,216,4,1.8474111129762605e-13,PASS
confirmation,u80d50g20,H8P24,repeated,0.25,985299,216,4,1.8829382497642655e-13,PASS
confirmation,u80d50g20,H8P24,repeated,1.0,985000,216,4,2.2737367544323206e-13,PASS
confirmation,u80d50g20,H8P24,repeated,1.0,985299,216,4,1.8829382497642655e-13,PASS
temporal,w0_chronological_g10,H8P16,repeated,0.5,986000,216,4,1.1368683772161603e-13,PASS
temporal,w0_chronological_g10,H8P16,repeated,0.5,986009,216,4,1.1368683772161603e-13,PASS
temporal,w0_chronological_g10,H8P16,repeated,0.75,986000,216,4,1.1368683772161603e-13,PASS
temporal,w0_chronological_g10,H8P16,repeated,0.75,986009,216,4,1.1368683772161603e-13,PASS
temporal,w0_chronological_g10,H8P16,repeated,1.0,986000,216,4,1.1368683772161603e-13,PASS
temporal,w0_chronological_g10,H8P16,repeated,1.0,986009,216,4,1.1368683772161603e-13,PASS
temporal,w0_chronological_g10,H8P24,repeated,0.5,986000,216,4,1.1368683772161603e-13,PASS
temporal,w0_chronological_g10,H8P24,repeated,0.5,986009,216,4,1.4210854715202004e-13,PASS
temporal,w0_chronological_g10,H8P24,repeated,1.0,986000,216,4,1.1368683772161603e-13,PASS
temporal,w0_chronological_g10,H8P24,repeated,1.0,986009,216,4,1.1368683772161603e-13,PASS
temporal,w0_chronological_g20,H8P16,repeated,0.5,986000,216,4,1.1368683772161603e-13,PASS
temporal,w0_chronological_g20,H8P16,repeated,0.5,986009,216,4,1.1368683772161603e-13,PASS
temporal,w0_chronological_g20,H8P16,repeated,0.75,986000,216,4,1.1368683772161603e-13,PASS
temporal,w0_chronological_g20,H8P16,repeated,0.75,986009,216,4,1.7053025658242404e-13,PASS
temporal,w0_chronological_g20,H8P16,repeated,1.0,986000,216,4,1.7053025658242404e-13,PASS
temporal,w0_chronological_g20,H8P16,repeated,1.0,986009,216,4,1.7053025658242404e-13,PASS
temporal,w0_chronological_g20,H8P24,repeated,0.5,986000,216,4,1.1368683772161603e-13,PASS
temporal,w0_chronological_g20,H8P24,repeated,0.5,986009,216,4,1.7053025658242404e-13,PASS
temporal,w0_chronological_g20,H8P24,repeated,1.0,986000,216,4,1.1368683772161603e-13,PASS
temporal,w0_chronological_g20,H8P24,repeated,1.0,986009,216,4,1.7053025658242404e-13,PASS
temporal,w0_permuted_g10,H8P16,repeated,0.5,986000,216,4,1.7053025658242404e-13,PASS
temporal,w0_permuted_g10,H8P16,repeated,0.5,986009,216,4,1.2789769243681803e-13,PASS
temporal,w0_permuted_g10,H8P16,repeated,0.75,986000,216,4,1.1368683772161603e-13,PASS
temporal,w0_permuted_g10,H8P16,repeated,0.75,986009,216,4,1.2789769243681803e-13,PASS
temporal,w0_permuted_g10,H8P16,repeated,1.0,986000,216,4,1.7053025658242404e-13,PASS
temporal,w0_permuted_g10,H8P16,repeated,1.0,986009,216,4,1.7053025658242404e-13,PASS
temporal,w0_permuted_g10,H8P24,repeated,0.5,986000,216,4,1.7053025658242404e-13,PASS
temporal,w0_permuted_g10,H8P24,repeated,0.5,986009,216,4,1.2789769243681803e-13,PASS
temporal,w0_permuted_g10,H8P24,repeated,1.0,986000,216,4,1.7053025658242404e-13,PASS
temporal,w0_permuted_g10,H8P24,repeated,1.0,986009,216,4,2.2737367544323206e-13,PASS
temporal,w0_permuted_g20,H8P16,repeated,0.5,986000,216,4,1.7053025658242404e-13,PASS
temporal,w0_permuted_g20,H8P16,repeated,0.5,986009,216,4,1.3500311979441904e-13,PASS
temporal,w0_permuted_g20,H8P16,repeated,0.75,986000,216,4,1.7053025658242404e-13,PASS
temporal,w0_permuted_g20,H8P16,repeated,0.75,986009,216,4,1.7053025658242404e-13,PASS
temporal,w0_permuted_g20,H8P16,repeated,1.0,986000,216,4,1.7053025658242404e-13,PASS
temporal,w0_permuted_g20,H8P16,repeated,1.0,986009,216,4,1.7053025658242404e-13,PASS
temporal,w0_permuted_g20,H8P24,repeated,0.5,986000,216,4,1.9895196601282805e-13,PASS
temporal,w0_permuted_g20,H8P24,repeated,0.5,986009,216,4,1.3500311979441904e-13,PASS
temporal,w0_permuted_g20,H8P24,repeated,1.0,986000,216,4,1.7053025658242404e-13,PASS
temporal,w0_permuted_g20,H8P24,repeated,1.0,986009,216,4,1.7053025658242404e-13,PASS
temporal,w1_chronological_g10,H8P16,repeated,0.5,986100,216,4,1.1368683772161603e-13,PASS
temporal,w1_chronological_g10,H8P16,repeated,0.5,986109,216,4,1.1368683772161603e-13,PASS
temporal,w1_chronological_g10,H8P16,repeated,0.75,986100,216,4,1.1368683772161603e-13,PASS
temporal,w1_chronological_g10,H8P16,repeated,0.75,986109,216,4,1.7053025658242404e-13,PASS
temporal,w1_chronological_g10,H8P16,repeated,1.0,986100,216,4,2.2737367544323206e-13,PASS
temporal,w1_chronological_g10,H8P16,repeated,1.0,986109,216,4,2.2737367544323206e-13,PASS
temporal,w1_chronological_g10,H8P24,repeated,0.5,986100,216,4,1.7053025658242404e-13,PASS
temporal,w1_chronological_g10,H8P24,repeated,0.5,986109,216,4,1.1368683772161603e-13,PASS
temporal,w1_chronological_g10,H8P24,repeated,1.0,986100,216,4,1.1368683772161603e-13,PASS
temporal,w1_chronological_g10,H8P24,repeated,1.0,986109,216,4,1.7053025658242404e-13,PASS
temporal,w1_chronological_g20,H8P16,repeated,0.5,986100,216,4,1.1368683772161603e-13,PASS
temporal,w1_chronological_g20,H8P16,repeated,0.5,986109,216,4,1.1368683772161603e-13,PASS
temporal,w1_chronological_g20,H8P16,repeated,0.75,986100,216,4,1.1368683772161603e-13,PASS
temporal,w1_chronological_g20,H8P16,repeated,0.75,986109,216,4,1.1368683772161603e-13,PASS
temporal,w1_chronological_g20,H8P16,repeated,1.0,986100,216,4,1.7053025658242404e-13,PASS
temporal,w1_chronological_g20,H8P16,repeated,1.0,986109,216,4,2.2737367544323206e-13,PASS
temporal,w1_chronological_g20,H8P24,repeated,0.5,986100,216,4,1.1368683772161603e-13,PASS
temporal,w1_chronological_g20,H8P24,repeated,0.5,986109,216,4,8.526512829121202e-14,PASS
temporal,w1_chronological_g20,H8P24,repeated,1.0,986100,216,4,2.2737367544323206e-13,PASS
temporal,w1_chronological_g20,H8P24,repeated,1.0,986109,216,4,1.1368683772161603e-13,PASS
temporal,w1_permuted_g10,H8P16,repeated,0.5,986100,216,4,1.2789769243681803e-13,PASS
temporal,w1_permuted_g10,H8P16,repeated,0.5,986109,216,4,1.1368683772161603e-13,PASS
temporal,w1_permuted_g10,H8P16,repeated,0.75,986100,216,4,1.4210854715202004e-13,PASS
temporal,w1_permuted_g10,H8P16,repeated,0.75,986109,216,4,1.1368683772161603e-13,PASS
temporal,w1_permuted_g10,H8P16,repeated,1.0,986100,216,4,2.2737367544323206e-13,PASS
temporal,w1_permuted_g10,H8P16,repeated,1.0,986109,216,4,1.1368683772161603e-13,PASS
temporal,w1_permuted_g10,H8P24,repeated,0.5,986100,216,4,1.2789769243681803e-13,PASS
temporal,w1_permuted_g10,H8P24,repeated,0.5,986109,216,4,8.526512829121202e-14,PASS
temporal,w1_permuted_g10,H8P24,repeated,1.0,986100,216,4,1.4210854715202004e-13,PASS
temporal,w1_permuted_g10,H8P24,repeated,1.0,986109,216,4,1.1368683772161603e-13,PASS
temporal,w1_permuted_g20,H8P16,repeated,0.5,986100,216,4,1.1368683772161603e-13,PASS
temporal,w1_permuted_g20,H8P16,repeated,0.5,986109,216,4,1.1368683772161603e-13,PASS
temporal,w1_permuted_g20,H8P16,repeated,0.75,986100,216,4,1.1368683772161603e-13,PASS
temporal,w1_permuted_g20,H8P16,repeated,0.75,986109,216,4,1.1368683772161603e-13,PASS
temporal,w1_permuted_g20,H8P16,repeated,1.0,986100,216,4,2.2737367544323206e-13,PASS
temporal,w1_permuted_g20,H8P16,repeated,1.0,986109,216,4,1.1368683772161603e-13,PASS
temporal,w1_permuted_g20,H8P24,repeated,0.5,986100,216,4,1.1368683772161603e-13,PASS
temporal,w1_permuted_g20,H8P24,repeated,0.5,986109,216,4,1.1368683772161603e-13,PASS
temporal,w1_permuted_g20,H8P24,repeated,1.0,986100,216,4,1.1368683772161603e-13,PASS
temporal,w1_permuted_g20,H8P24,repeated,1.0,986109,216,4,1.1368683772161603e-13,PASS
temporal,w2_chronological_g10,H8P16,repeated,0.5,986200,216,4,1.1368683772161603e-13,PASS
temporal,w2_chronological_g10,H8P16,repeated,0.5,986209,216,4,1.1368683772161603e-13,PASS
temporal,w2_chronological_g10,H8P16,repeated,0.75,986200,216,4,1.1368683772161603e-13,PASS
temporal,w2_chronological_g10,H8P16,repeated,0.75,986209,216,4,1.1368683772161603e-13,PASS
temporal,w2_chronological_g10,H8P16,repeated,1.0,986200,216,4,2.2737367544323206e-13,PASS
temporal,w2_chronological_g10,H8P16,repeated,1.0,986209,216,4,1.1368683772161603e-13,PASS
temporal,w2_chronological_g10,H8P24,repeated,0.5,986200,216,4,1.1368683772161603e-13,PASS
temporal,w2_chronological_g10,H8P24,repeated,0.5,986209,216,4,1.0658141036401503e-13,PASS
temporal,w2_chronological_g10,H8P24,repeated,1.0,986200,216,4,2.2737367544323206e-13,PASS
temporal,w2_chronological_g10,H8P24,repeated,1.0,986209,216,4,1.1368683772161603e-13,PASS
temporal,w2_chronological_g20,H8P16,repeated,0.5,986200,216,4,1.1368683772161603e-13,PASS
temporal,w2_chronological_g20,H8P16,repeated,0.5,986209,216,4,1.1368683772161603e-13,PASS
temporal,w2_chronological_g20,H8P16,repeated,0.75,986200,216,4,1.1368683772161603e-13,PASS
temporal,w2_chronological_g20,H8P16,repeated,0.75,986209,216,4,1.1368683772161603e-13,PASS
temporal,w2_chronological_g20,H8P16,repeated,1.0,986200,216,4,2.2737367544323206e-13,PASS
temporal,w2_chronological_g20,H8P16,repeated,1.0,986209,216,4,1.1368683772161603e-13,PASS
temporal,w2_chronological_g20,H8P24,repeated,0.5,986200,216,4,1.1368683772161603e-13,PASS
temporal,w2_chronological_g20,H8P24,repeated,0.5,986209,216,4,1.0658141036401503e-13,PASS
temporal,w2_chronological_g20,H8P24,repeated,1.0,986200,216,4,2.2737367544323206e-13,PASS
temporal,w2_chronological_g20,H8P24,repeated,1.0,986209,216,4,1.1368683772161603e-13,PASS
temporal,w2_permuted_g10,H8P16,repeated,0.5,986200,216,4,1.1368683772161603e-13,PASS
temporal,w2_permuted_g10,H8P16,repeated,0.5,986209,216,4,1.1723955140041653e-13,PASS
temporal,w2_permuted_g10,H8P16,repeated,0.75,986200,216,4,1.1368683772161603e-13,PASS
temporal,w2_permuted_g10,H8P16,repeated,0.75,986209,216,4,1.1723955140041653e-13,PASS
temporal,w2_permuted_g10,H8P16,repeated,1.0,986200,216,4,1.7053025658242404e-13,PASS
temporal,w2_permuted_g10,H8P16,repeated,1.0,986209,216,4,1.1723955140041653e-13,PASS
temporal,w2_permuted_g10,H8P24,repeated,0.5,986200,216,4,8.526512829121202e-14,PASS
temporal,w2_permuted_g10,H8P24,repeated,0.5,986209,216,4,1.1368683772161603e-13,PASS
temporal,w2_permuted_g10,H8P24,repeated,1.0,986200,216,4,1.7053025658242404e-13,PASS
temporal,w2_permuted_g10,H8P24,repeated,1.0,986209,216,4,1.1368683772161603e-13,PASS
temporal,w2_permuted_g20,H8P16,repeated,0.5,986200,216,4,7.105427357601002e-14,PASS
temporal,w2_permuted_g20,H8P16,repeated,0.5,986209,216,4,1.0302869668521453e-13,PASS
temporal,w2_permuted_g20,H8P16,repeated,0.75,986200,216,4,1.7053025658242404e-13,PASS
temporal,w2_permuted_g20,H8P16,repeated,0.75,986209,216,4,1.1368683772161603e-13,PASS
temporal,w2_permuted_g20,H8P16,repeated,1.0,986200,216,4,1.7053025658242404e-13,PASS
temporal,w2_permuted_g20,H8P16,repeated,1.0,986209,216,4,1.1368683772161603e-13,PASS
temporal,w2_permuted_g20,H8P24,repeated,0.5,986200,216,4,1.1368683772161603e-13,PASS
temporal,w2_permuted_g20,H8P24,repeated,0.5,986209,216,4,1.1368683772161603e-13,PASS
temporal,w2_permuted_g20,H8P24,repeated,1.0,986200,216,4,1.7053025658242404e-13,PASS
temporal,w2_permuted_g20,H8P24,repeated,1.0,986209,216,4,1.1368683772161603e-13,PASS
temporal,w3_chronological_g10,H8P16,repeated,0.5,986300,216,4,2.2737367544323206e-13,PASS
temporal,w3_chronological_g10,H8P16,repeated,0.5,986309,216,4,1.1368683772161603e-13,PASS
temporal,w3_chronological_g10,H8P16,repeated,0.75,986300,216,4,2.2737367544323206e-13,PASS
temporal,w3_chronological_g10,H8P16,repeated,0.75,986309,216,4,1.1368683772161603e-13,PASS
temporal,w3_chronological_g10,H8P16,repeated,1.0,986300,216,4,2.2737367544323206e-13,PASS
temporal,w3_chronological_g10,H8P16,repeated,1.0,986309,216,4,1.1368683772161603e-13,PASS
temporal,w3_chronological_g10,H8P24,repeated,0.5,986300,216,4,1.1368683772161603e-13,PASS
temporal,w3_chronological_g10,H8P24,repeated,0.5,986309,216,4,1.1368683772161603e-13,PASS
temporal,w3_chronological_g10,H8P24,repeated,1.0,986300,216,4,1.7053025658242404e-13,PASS
temporal,w3_chronological_g10,H8P24,repeated,1.0,986309,216,4,1.1368683772161603e-13,PASS
temporal,w3_chronological_g20,H8P16,repeated,0.5,986300,216,4,1.4210854715202004e-13,PASS
temporal,w3_chronological_g20,H8P16,repeated,0.5,986309,216,4,8.526512829121202e-14,PASS
temporal,w3_chronological_g20,H8P16,repeated,0.75,986300,216,4,2.2737367544323206e-13,PASS
temporal,w3_chronological_g20,H8P16,repeated,0.75,986309,216,4,1.1368683772161603e-13,PASS
temporal,w3_chronological_g20,H8P16,repeated,1.0,986300,216,4,2.2737367544323206e-13,PASS
temporal,w3_chronological_g20,H8P16,repeated,1.0,986309,216,4,1.1368683772161603e-13,PASS
temporal,w3_chronological_g20,H8P24,repeated,0.5,986300,216,4,1.7053025658242404e-13,PASS
temporal,w3_chronological_g20,H8P24,repeated,0.5,986309,216,4,1.1368683772161603e-13,PASS
temporal,w3_chronological_g20,H8P24,repeated,1.0,986300,216,4,2.2737367544323206e-13,PASS
temporal,w3_chronological_g20,H8P24,repeated,1.0,986309,216,4,1.1368683772161603e-13,PASS
temporal,w3_permuted_g10,H8P16,repeated,0.5,986300,216,4,1.4210854715202004e-13,PASS
temporal,w3_permuted_g10,H8P16,repeated,0.5,986309,216,4,1.1368683772161603e-13,PASS
temporal,w3_permuted_g10,H8P16,repeated,0.75,986300,216,4,2.2737367544323206e-13,PASS
temporal,w3_permuted_g10,H8P16,repeated,0.75,986309,216,4,1.7053025658242404e-13,PASS
temporal,w3_permuted_g10,H8P16,repeated,1.0,986300,216,4,1.1368683772161603e-13,PASS
temporal,w3_permuted_g10,H8P16,repeated,1.0,986309,216,4,2.8421709430404007e-13,PASS
temporal,w3_permuted_g10,H8P24,repeated,0.5,986300,216,4,1.4210854715202004e-13,PASS
temporal,w3_permuted_g10,H8P24,repeated,0.5,986309,216,4,8.526512829121202e-14,PASS
temporal,w3_permuted_g10,H8P24,repeated,1.0,986300,216,4,1.7053025658242404e-13,PASS
temporal,w3_permuted_g10,H8P24,repeated,1.0,986309,216,4,1.1368683772161603e-13,PASS
temporal,w3_permuted_g20,H8P16,repeated,0.5,986300,216,4,1.7053025658242404e-13,PASS
temporal,w3_permuted_g20,H8P16,repeated,0.5,986309,216,4,8.526512829121202e-14,PASS
temporal,w3_permuted_g20,H8P16,repeated,0.75,986300,216,4,2.2737367544323206e-13,PASS
temporal,w3_permuted_g20,H8P16,repeated,0.75,986309,216,4,1.1368683772161603e-13,PASS
temporal,w3_permuted_g20,H8P16,repeated,1.0,986300,216,4,1.1368683772161603e-13,PASS
temporal,w3_permuted_g20,H8P16,repeated,1.0,986309,216,4,2.8421709430404007e-13,PASS
temporal,w3_permuted_g20,H8P24,repeated,0.5,986300,216,4,9.947598300641403e-14,PASS
temporal,w3_permuted_g20,H8P24,repeated,0.5,986309,216,4,8.526512829121202e-14,PASS
temporal,w3_permuted_g20,H8P24,repeated,1.0,986300,216,4,1.9895196601282805e-13,PASS
temporal,w3_permuted_g20,H8P24,repeated,1.0,986309,216,4,1.1368683772161603e-13,PASS
temporal,w4_chronological_g10,H8P16,repeated,0.5,986400,216,4,7.993605777301127e-14,PASS
temporal,w4_chronological_g10,H8P16,repeated,0.5,986409,216,4,9.947598300641403e-14,PASS
temporal,w4_chronological_g10,H8P16,repeated,0.75,986400,216,4,1.1368683772161603e-13,PASS
temporal,w4_chronological_g10,H8P16,repeated,0.75,986409,216,4,1.2789769243681803e-13,PASS
temporal,w4_chronological_g10,H8P16,repeated,1.0,986400,216,4,2.8421709430404007e-13,PASS
temporal,w4_chronological_g10,H8P16,repeated,1.0,986409,216,4,1.2789769243681803e-13,PASS
temporal,w4_chronological_g10,H8P24,repeated,0.5,986400,216,4,8.526512829121202e-14,PASS
temporal,w4_chronological_g10,H8P24,repeated,0.5,986409,216,4,1.1368683772161603e-13,PASS
temporal,w4_chronological_g10,H8P24,repeated,1.0,986400,216,4,1.1368683772161603e-13,PASS
temporal,w4_chronological_g10,H8P24,repeated,1.0,986409,216,4,1.1368683772161603e-13,PASS
temporal,w4_chronological_g20,H8P16,repeated,0.5,986400,216,4,8.526512829121202e-14,PASS
temporal,w4_chronological_g20,H8P16,repeated,0.5,986409,216,4,1.1368683772161603e-13,PASS
temporal,w4_chronological_g20,H8P16,repeated,0.75,986400,216,4,1.1368683772161603e-13,PASS
temporal,w4_chronological_g20,H8P16,repeated,0.75,986409,216,4,1.1368683772161603e-13,PASS
temporal,w4_chronological_g20,H8P16,repeated,1.0,986400,216,4,1.7053025658242404e-13,PASS
temporal,w4_chronological_g20,H8P16,repeated,1.0,986409,216,4,1.1368683772161603e-13,PASS
temporal,w4_chronological_g20,H8P24,repeated,0.5,986400,216,4,8.526512829121202e-14,PASS
temporal,w4_chronological_g20,H8P24,repeated,0.5,986409,216,4,1.1368683772161603e-13,PASS
temporal,w4_chronological_g20,H8P24,repeated,1.0,986400,216,4,1.1368683772161603e-13,PASS
temporal,w4_chronological_g20,H8P24,repeated,1.0,986409,216,4,1.1368683772161603e-13,PASS
temporal,w4_permuted_g10,H8P16,repeated,0.5,986400,216,4,1.1368683772161603e-13,PASS
temporal,w4_permuted_g10,H8P16,repeated,0.5,986409,216,4,1.7053025658242404e-13,PASS
temporal,w4_permuted_g10,H8P16,repeated,0.75,986400,216,4,1.1368683772161603e-13,PASS
temporal,w4_permuted_g10,H8P16,repeated,0.75,986409,216,4,1.1368683772161603e-13,PASS
temporal,w4_permuted_g10,H8P16,repeated,1.0,986400,216,4,1.7053025658242404e-13,PASS
temporal,w4_permuted_g10,H8P16,repeated,1.0,986409,216,4,1.1368683772161603e-13,PASS
temporal,w4_permuted_g10,H8P24,repeated,0.5,986400,216,4,9.947598300641403e-14,PASS
temporal,w4_permuted_g10,H8P24,repeated,0.5,986409,216,4,1.4210854715202004e-13,PASS
temporal,w4_permuted_g10,H8P24,repeated,1.0,986400,216,4,1.1368683772161603e-13,PASS
temporal,w4_permuted_g10,H8P24,repeated,1.0,986409,216,4,1.7053025658242404e-13,PASS
temporal,w4_permuted_g20,H8P16,repeated,0.5,986400,216,4,1.1368683772161603e-13,PASS
temporal,w4_permuted_g20,H8P16,repeated,0.5,986409,216,4,1.4210854715202004e-13,PASS
temporal,w4_permuted_g20,H8P16,repeated,0.75,986400,216,4,1.1368683772161603e-13,PASS
temporal,w4_permuted_g20,H8P16,repeated,0.75,986409,216,4,1.7053025658242404e-13,PASS
temporal,w4_permuted_g20,H8P16,repeated,1.0,986400,216,4,1.7053025658242404e-13,PASS
temporal,w4_permuted_g20,H8P16,repeated,1.0,986409,216,4,1.1368683772161603e-13,PASS
temporal,w4_permuted_g20,H8P24,repeated,0.5,986400,216,4,9.947598300641403e-14,PASS
temporal,w4_permuted_g20,H8P24,repeated,0.5,986409,216,4,1.1368683772161603e-13,PASS
temporal,w4_permuted_g20,H8P24,repeated,1.0,986400,216,4,1.1368683772161603e-13,PASS
temporal,w4_permuted_g20,H8P24,repeated,1.0,986409,216,4,1.7053025658242404e-13,PASS
temporal,w5_chronological_g10,H8P16,repeated,0.5,986500,216,4,1.1368683772161603e-13,PASS
temporal,w5_chronological_g10,H8P16,repeated,0.5,986509,216,4,1.1368683772161603e-13,PASS
temporal,w5_chronological_g10,H8P16,repeated,0.75,986500,216,4,1.1368683772161603e-13,PASS
temporal,w5_chronological_g10,H8P16,repeated,0.75,986509,216,4,1.1368683772161603e-13,PASS
temporal,w5_chronological_g10,H8P16,repeated,1.0,986500,216,4,3.410605131648481e-13,PASS
temporal,w5_chronological_g10,H8P16,repeated,1.0,986509,216,4,3.410605131648481e-13,PASS
temporal,w5_chronological_g10,H8P24,repeated,0.5,986500,216,4,8.526512829121202e-14,PASS
temporal,w5_chronological_g10,H8P24,repeated,0.5,986509,216,4,1.1368683772161603e-13,PASS
temporal,w5_chronological_g10,H8P24,repeated,1.0,986500,216,4,2.2737367544323206e-13,PASS
temporal,w5_chronological_g10,H8P24,repeated,1.0,986509,216,4,3.410605131648481e-13,PASS
temporal,w5_chronological_g20,H8P16,repeated,0.5,986500,216,4,1.1368683772161603e-13,PASS
temporal,w5_chronological_g20,H8P16,repeated,0.5,986509,216,4,1.1368683772161603e-13,PASS
temporal,w5_chronological_g20,H8P16,repeated,0.75,986500,216,4,1.1368683772161603e-13,PASS
temporal,w5_chronological_g20,H8P16,repeated,0.75,986509,216,4,1.7053025658242404e-13,PASS
temporal,w5_chronological_g20,H8P16,repeated,1.0,986500,216,4,3.410605131648481e-13,PASS
temporal,w5_chronological_g20,H8P16,repeated,1.0,986509,216,4,3.410605131648481e-13,PASS
temporal,w5_chronological_g20,H8P24,repeated,0.5,986500,216,4,1.1368683772161603e-13,PASS
temporal,w5_chronological_g20,H8P24,repeated,0.5,986509,216,4,1.1368683772161603e-13,PASS
temporal,w5_chronological_g20,H8P24,repeated,1.0,986500,216,4,2.2737367544323206e-13,PASS
temporal,w5_chronological_g20,H8P24,repeated,1.0,986509,216,4,3.410605131648481e-13,PASS
temporal,w5_permuted_g10,H8P16,repeated,0.5,986500,216,4,1.2434497875801753e-13,PASS
temporal,w5_permuted_g10,H8P16,repeated,0.5,986509,216,4,1.1368683772161603e-13,PASS
temporal,w5_permuted_g10,H8P16,repeated,0.75,986500,216,4,1.2434497875801753e-13,PASS
temporal,w5_permuted_g10,H8P16,repeated,0.75,986509,216,4,1.1368683772161603e-13,PASS
temporal,w5_permuted_g10,H8P16,repeated,1.0,986500,216,4,1.7053025658242404e-13,PASS
temporal,w5_permuted_g10,H8P16,repeated,1.0,986509,216,4,1.7053025658242404e-13,PASS
temporal,w5_permuted_g10,H8P24,repeated,0.5,986500,216,4,1.2434497875801753e-13,PASS
temporal,w5_permuted_g10,H8P24,repeated,0.5,986509,216,4,1.1368683772161603e-13,PASS
temporal,w5_permuted_g10,H8P24,repeated,1.0,986500,216,4,1.2434497875801753e-13,PASS
temporal,w5_permuted_g10,H8P24,repeated,1.0,986509,216,4,1.7053025658242404e-13,PASS
temporal,w5_permuted_g20,H8P16,repeated,0.5,986500,216,4,1.2079226507921703e-13,PASS
temporal,w5_permuted_g20,H8P16,repeated,0.5,986509,216,4,9.903189379656396e-14,PASS
temporal,w5_permuted_g20,H8P16,repeated,0.75,986500,216,4,1.2079226507921703e-13,PASS
temporal,w5_permuted_g20,H8P16,repeated,0.75,986509,216,4,1.1368683772161603e-13,PASS
temporal,w5_permuted_g20,H8P16,repeated,1.0,986500,216,4,1.7053025658242404e-13,PASS
temporal,w5_permuted_g20,H8P16,repeated,1.0,986509,216,4,1.7053025658242404e-13,PASS
temporal,w5_permuted_g20,H8P24,repeated,0.5,986500,216,4,1.2079226507921703e-13,PASS
temporal,w5_permuted_g20,H8P24,repeated,0.5,986509,216,4,1.1368683772161603e-13,PASS
temporal,w5_permuted_g20,H8P24,repeated,1.0,986500,216,4,1.2079226507921703e-13,PASS
temporal,w5_permuted_g20,H8P24,repeated,1.0,986509,216,4,1.7053025658242404e-13,PASS
temporal,w6_chronological_g10,H8P16,repeated,0.5,986600,216,4,1.4566126083082054e-13,PASS
temporal,w6_chronological_g10,H8P16,repeated,0.5,986609,216,4,1.1368683772161603e-13,PASS
temporal,w6_chronological_g10,H8P16,repeated,0.75,986600,216,4,1.7053025658242404e-13,PASS
temporal,w6_chronological_g10,H8P16,repeated,0.75,986609,216,4,1.7053025658242404e-13,PASS
temporal,w6_chronological_g10,H8P16,repeated,1.0,986600,216,4,2.2737367544323206e-13,PASS
temporal,w6_chronological_g10,H8P16,repeated,1.0,986609,216,4,3.410605131648481e-13,PASS
temporal,w6_chronological_g10,H8P24,repeated,0.5,986600,216,4,1.4566126083082054e-13,PASS
temporal,w6_chronological_g10,H8P24,repeated,0.5,986609,216,4,1.1368683772161603e-13,PASS
temporal,w6_chronological_g10,H8P24,repeated,1.0,986600,216,4,3.410605131648481e-13,PASS
temporal,w6_chronological_g10,H8P24,repeated,1.0,986609,216,4,1.1368683772161603e-13,PASS
temporal,w6_chronological_g20,H8P16,repeated,0.5,986600,216,4,1.4566126083082054e-13,PASS
temporal,w6_chronological_g20,H8P16,repeated,0.5,986609,216,4,1.1368683772161603e-13,PASS
temporal,w6_chronological_g20,H8P16,repeated,0.75,986600,216,4,1.7053025658242404e-13,PASS
temporal,w6_chronological_g20,H8P16,repeated,0.75,986609,216,4,1.1368683772161603e-13,PASS
temporal,w6_chronological_g20,H8P16,repeated,1.0,986600,216,4,2.2737367544323206e-13,PASS
temporal,w6_chronological_g20,H8P16,repeated,1.0,986609,216,4,3.410605131648481e-13,PASS
temporal,w6_chronological_g20,H8P24,repeated,0.5,986600,216,4,1.4566126083082054e-13,PASS
temporal,w6_chronological_g20,H8P24,repeated,0.5,986609,216,4,1.1368683772161603e-13,PASS
temporal,w6_chronological_g20,H8P24,repeated,1.0,986600,216,4,2.2737367544323206e-13,PASS
temporal,w6_chronological_g20,H8P24,repeated,1.0,986609,216,4,1.226796442210798e-13,PASS
temporal,w6_permuted_g10,H8P16,repeated,0.5,986600,216,4,1.4210854715202004e-13,PASS
temporal,w6_permuted_g10,H8P16,repeated,0.5,986609,216,4,1.1368683772161603e-13,PASS
temporal,w6_permuted_g10,H8P16,repeated,0.75,986600,216,4,1.7053025658242404e-13,PASS
temporal,w6_permuted_g10,H8P16,repeated,0.75,986609,216,4,1.7053025658242404e-13,PASS
temporal,w6_permuted_g10,H8P16,repeated,1.0,986600,216,4,1.7053025658242404e-13,PASS
temporal,w6_permuted_g10,H8P16,repeated,1.0,986609,216,4,1.7053025658242404e-13,PASS
temporal,w6_permuted_g10,H8P24,repeated,0.5,986600,216,4,1.4210854715202004e-13,PASS
temporal,w6_permuted_g10,H8P24,repeated,0.5,986609,216,4,1.1368683772161603e-13,PASS
temporal,w6_permuted_g10,H8P24,repeated,1.0,986600,216,4,1.7053025658242404e-13,PASS
temporal,w6_permuted_g10,H8P24,repeated,1.0,986609,216,4,1.1368683772161603e-13,PASS
temporal,w6_permuted_g20,H8P16,repeated,0.5,986600,216,4,1.4566126083082054e-13,PASS
temporal,w6_permuted_g20,H8P16,repeated,0.5,986609,216,4,1.1368683772161603e-13,PASS
temporal,w6_permuted_g20,H8P16,repeated,0.75,986600,216,4,1.7053025658242404e-13,PASS
temporal,w6_permuted_g20,H8P16,repeated,0.75,986609,216,4,1.1368683772161603e-13,PASS
temporal,w6_permuted_g20,H8P16,repeated,1.0,986600,216,4,1.7053025658242404e-13,PASS
temporal,w6_permuted_g20,H8P16,repeated,1.0,986609,216,4,2.2737367544323206e-13,PASS
temporal,w6_permuted_g20,H8P24,repeated,0.5,986600,216,4,1.4566126083082054e-13,PASS
temporal,w6_permuted_g20,H8P24,repeated,0.5,986609,216,4,1.1368683772161603e-13,PASS
temporal,w6_permuted_g20,H8P24,repeated,1.0,986600,216,4,1.7053025658242404e-13,PASS
temporal,w6_permuted_g20,H8P24,repeated,1.0,986609,216,4,1.7053025658242404e-13,PASS
temporal,w7_chronological_g10,H8P16,repeated,0.5,986700,216,4,1.1368683772161603e-13,PASS
temporal,w7_chronological_g10,H8P16,repeated,0.5,986709,216,4,1.4210854715202004e-13,PASS
temporal,w7_chronological_g10,H8P16,repeated,0.75,986700,216,4,1.1368683772161603e-13,PASS
temporal,w7_chronological_g10,H8P16,repeated,0.75,986709,216,4,1.4210854715202004e-13,PASS
temporal,w7_chronological_g10,H8P16,repeated,1.0,986700,216,4,1.7053025658242404e-13,PASS
temporal,w7_chronological_g10,H8P16,repeated,1.0,986709,216,4,2.2737367544323206e-13,PASS
temporal,w7_chronological_g10,H8P24,repeated,0.5,986700,216,4,1.1368683772161603e-13,PASS
temporal,w7_chronological_g10,H8P24,repeated,0.5,986709,216,4,1.1368683772161603e-13,PASS
temporal,w7_chronological_g10,H8P24,repeated,1.0,986700,216,4,1.1368683772161603e-13,PASS
temporal,w7_chronological_g10,H8P24,repeated,1.0,986709,216,4,1.7053025658242404e-13,PASS
temporal,w7_chronological_g20,H8P16,repeated,0.5,986700,216,4,1.1368683772161603e-13,PASS
temporal,w7_chronological_g20,H8P16,repeated,0.5,986709,216,4,1.7053025658242404e-13,PASS
temporal,w7_chronological_g20,H8P16,repeated,0.75,986700,216,4,1.1368683772161603e-13,PASS
temporal,w7_chronological_g20,H8P16,repeated,0.75,986709,216,4,1.4210854715202004e-13,PASS
temporal,w7_chronological_g20,H8P16,repeated,1.0,986700,216,4,1.1368683772161603e-13,PASS
temporal,w7_chronological_g20,H8P16,repeated,1.0,986709,216,4,2.2737367544323206e-13,PASS
temporal,w7_chronological_g20,H8P24,repeated,0.5,986700,216,4,1.1368683772161603e-13,PASS
temporal,w7_chronological_g20,H8P24,repeated,0.5,986709,216,4,1.4210854715202004e-13,PASS
temporal,w7_chronological_g20,H8P24,repeated,1.0,986700,216,4,1.1368683772161603e-13,PASS
temporal,w7_chronological_g20,H8P24,repeated,1.0,986709,216,4,1.4210854715202004e-13,PASS
temporal,w7_permuted_g10,H8P16,repeated,0.5,986700,216,4,1.1368683772161603e-13,PASS
temporal,w7_permuted_g10,H8P16,repeated,0.5,986709,216,4,1.4210854715202004e-13,PASS
temporal,w7_permuted_g10,H8P16,repeated,0.75,986700,216,4,1.1368683772161603e-13,PASS
temporal,w7_permuted_g10,H8P16,repeated,0.75,986709,216,4,2.2737367544323206e-13,PASS
temporal,w7_permuted_g10,H8P16,repeated,1.0,986700,216,4,5.684341886080801e-13,PASS
temporal,w7_permuted_g10,H8P16,repeated,1.0,986709,216,4,1.7053025658242404e-13,PASS
temporal,w7_permuted_g10,H8P24,repeated,0.5,986700,216,4,1.1368683772161603e-13,PASS
temporal,w7_permuted_g10,H8P24,repeated,0.5,986709,216,4,1.4210854715202004e-13,PASS
temporal,w7_permuted_g10,H8P24,repeated,1.0,986700,216,4,5.684341886080801e-13,PASS
temporal,w7_permuted_g10,H8P24,repeated,1.0,986709,216,4,2.2737367544323206e-13,PASS
temporal,w7_permuted_g20,H8P16,repeated,0.5,986700,216,4,1.1368683772161603e-13,PASS
temporal,w7_permuted_g20,H8P16,repeated,0.5,986709,216,4,1.3500311979441904e-13,PASS
temporal,w7_permuted_g20,H8P16,repeated,0.75,986700,216,4,1.1368683772161603e-13,PASS
temporal,w7_permuted_g20,H8P16,repeated,0.75,986709,216,4,1.3500311979441904e-13,PASS
temporal,w7_permuted_g20,H8P16,repeated,1.0,986700,216,4,1.7053025658242404e-13,PASS
temporal,w7_permuted_g20,H8P16,repeated,1.0,986709,216,4,2.2737367544323206e-13,PASS
temporal,w7_permuted_g20,H8P24,repeated,0.5,986700,216,4,1.1368683772161603e-13,PASS
temporal,w7_permuted_g20,H8P24,repeated,0.5,986709,216,4,1.3500311979441904e-13,PASS
temporal,w7_permuted_g20,H8P24,repeated,1.0,986700,216,4,2.2737367544323206e-13,PASS
temporal,w7_permuted_g20,H8P24,repeated,1.0,986709,216,4,1.3500311979441904e-13,PASS
